worker,epoch,accepted,entries,latency_ns
2,00eb7a19b476686b238d76ea53c5f93a,True,2,1411148
1,2680186f311993a03bf9e3b60a1a2b41,True,2,1657590
0,0e13468c2c8044e072df74c7812b7c46,True,2,3369652
4,0c13ebd1a7d4a13a36ba80d47ba5e067,True,2,2150937
1,3fb01d807325caed02b091e1dfcea2ee,True,2,2043853
5,baf8fc5ea51535beaa1acb0642d1acd9,True,2,2703090
6,dba2580c189b06d510f35bc3dcce51b5,True,2,2828462
7,cb4e8479cc3e809892d3720352b5a611,True,2,2811302
3,9ad5a803e62d2980f054e4e0c1fdaafb,True,2,2729232
0,287436b9956c79c515a73c1181cbc966,True,2,1782254
8,d3d8722d6f46e73caa5116943b4454fb,True,2,2040826
9,5f7a65111eeff03fe19a37d1fa0d92ad,True,2,1746195
4,5061b68bfe68db483e7b143dd78c8ccc,True,2,1800494
1,cc8d536c7b836115dbb10e9f3ace77ea,True,2,1472917
6,834f83eda1c90ccec9f6f1e0b5cfc0ee,True,2,1910638
2,fef404abc6f941dc9f03255a657d1a4f,True,2,3543989
10,3c17904e29878dbad099dcafc101908b,True,2,3160449
3,6b7809c53057c8e3e5617a5dfa378790,True,2,2779614
0,143461ca6f2e47809073e6e5e53941f1,True,2,2251563
11,c8c42a6ffe51a76735f6f4fc0001755b,True,2,3873382
7,e610bf699e400215cf63569fafbd1dfa,True,2,2631533
13,b6deb8c7bb8f15369ea7c9467b54308c,True,2,2647142
12,49d80c877ffe697e776256c44d915fd9,True,2,2988516
9,27c3def21be23132df09fd872f5af532,True,2,1649452
8,5e1626328f7c76c68f1d56b599d4412a,True,2,2494955
1,09b460778e48504852320e76a1282487,True,2,2658621
5,0c5da66b173a5885c567303910221712,True,2,4262632
14,51247b9b276f66b20f8658a184532d33,True,2,1777674
4,488d57525cb935db3b2397de3ba0ff52,True,2,1967996
10,6fbd6393751ec3194d5b576d72a1ea94,True,2,1370100
15,8af06bd2f1d103559d191d6172819738,True,2,1493737
6,aade1c6291f7f707038899e5f02680e1,True,2,2768941
3,91b7b604f0d2b190ab2ae0593015f147,True,2,2394649
7,22d28adc4a351c62b534b128fa856730,True,2,1928360
1,9beea54e10a6892af64dd60514f0a553,True,2,1206353
2,f168ba92b764567deb18ad0cf9765499,True,2,2217529
11,6518e2e80c909a0de4b9db94df5f78e8,True,2,1972448
0,4d5f3507f3d8814da3743c7ed3f11b01,True,2,2569421
9,ea6d7c1e4dba339cae641d809e968cc4,True,2,1644223
14,dbd10eec6d7275356be62664dd4a40a2,True,2,1809796
13,7eb936cfd52c16db214ab9ed04cd0ed1,True,2,3018163
5,d66aae2fe3b9a3504ac7c98a0041d64c,True,2,1521209
8,f93d3dea729529b2f481379a40162740,True,2,2023013
3,6c5ab6538acb5e980c73bc05c9386fb5,True,2,1462965
4,0cbe928d1eea109c26de26fad5284469,True,2,2384230
2,16add3632bc91a5c2d9ddf78760b460f,True,2,1226448
15,3350b3294fc31dbeefa4da2f8921ad94,True,2,2434432
12,8cffc6d5d7173f5aa9780c101f0f7d2b,True,2,4005243
1,c1b14650a93bddade741258e0edd8a9a,True,2,2304179
11,88ccc7099b985c4ef5b390b3e7f674f6,True,2,2180620
7,3b18b438180c2ea8a62e85cfae9fb818,True,2,2430024
10,cd70c9ee995c901ed7b7b521897b5c1d,True,2,1263427
14,828307f81482bed15a0eed4197050238,True,2,2129331
8,6e49de198df5e948df19ebca442319e5,True,2,2768797
6,beaacf876adf3a6c70da21ffeed31c39,True,2,3281182
15,0b8df2b513ebd76a92eead8f548c25b5,True,2,2002073
5,f1de9656c231173cc9e8dc9100059869,True,2,2523651
0,5fce747f6ecccbd42e68de2fd940fd62,True,2,2926964
4,46c51f3e352a26bc06c956d9766c4eb8,True,2,2136569
7,ef9458de95afd9dfdaf01ab890dc2bb3,True,2,1981643
9,bd0ed9b40d9c79ae56eb5207dcf208cf,True,2,2676968
13,b3d0c576bc17762cea5f01f81e53d510,True,2,2933542
2,7cae808267f2c36dfa15e86fb1efa422,True,2,1941286
1,cc1f80d60f728256cb74c97d0ab6d701,True,2,2380263
3,cbe8d5e423f115bd73fa9e3681906832,True,2,2111084
6,3bc2439cb0dee3c0c6fe2bcfd591d8a7,True,2,1845308
8,aabfe81a5ba2b725cd39eae7e76bab8c,True,2,1351265
12,d599778f195c97e361edff21391f439c,True,2,2580902
4,2b4b2e36f4ab2715d653b975570c23e7,True,2,1251568
15,a4642e1336e8e7dc72f3e080b28efaea,True,2,2026760
10,0fa911d01f85899f5f3d3e86ccd06d6b,True,2,2173087
14,ead3a43b13cf85f7faad4458bb1e8e21,True,2,2683798
2,380805d7bcd4f561df81a25da355236d,True,2,1706832
11,3b9758f13d796d943cd4c5219e49c559,True,2,3552842
13,e442d5e6306e3264b55a2a90801753b4,True,2,2317332
9,1c401fc8ef6aa92569b26476e508ecbc,True,2,2202243
0,474b799c8963562ee6c0072695a47d04,True,2,3043568
3,8a7276f6293cb08bbce3403f4ae4fa3d,True,2,1244797
15,023d79efe877a866d8492ce6c16455a2,True,2,1331505
5,a09c7632aaa22458bfd51affb176937d,True,2,2943347
6,53d400a5de2530b307b113ee7ff3d740,True,2,1582560
1,687898a95858885076905eb33c48fd35,True,2,1538219
7,3bc392ec1952f9725d91e4c690b2e93c,True,2,2379149
4,917f1d42a066794a4e7ec73d3e2dd2eb,True,2,2336926
12,3eb2c755686d9f816b3c69ad1e9178ac,True,2,2942463
8,960e4acdbddf0790c888d03eedde5ab8,True,2,2832211
10,a7a9479bb320c830e616f924c6808b3a,True,2,2169738
9,5d685f060d87f6fb102d6b18f3003aa9,True,2,1273105
13,1f2e3e7b8f9dee4f5d52dd0686b5d29d,True,2,2165368
14,627aff7758f96e8e3f984627c30b22bf,True,2,2978606
11,040bc67f646bc5d027b669a390322704,True,2,1465422
15,4576f93bac062e81627a14adbdb12f50,True,2,1615009
2,1a52f52a7c554dbc6f476ab708bf4e8e,True,2,2771993
3,e69ee270224ae241be5de81bf0f69b5e,True,2,2020457
0,1723ae0edcd8a8345bc9f04cbfa99bcb,True,2,1347935
6,013496c0e85db5fa43848dc7ab8e4f97,True,2,2766147
5,c47f68332ba73e9f5699a79b3c4c0c6c,True,2,2630566
13,47af023ab7ce83ec16f5207057be6146,True,2,1402560
7,1ab226c11e0da7a243e790719dda3ec8,True,2,2460342
10,499cb2167b4aa29572956df13b914625,True,2,2401811
4,01ce9fa0289382918068c905c8589055,True,2,3577007
6,f0a3ca624e42ac8f84d000de2010945b,True,2,2020748
8,9f3a299cf93cdce4b92bc5e21c37a72c,True,2,3150872
9,9f5d284624acc141e3e5ea78b71386d7,True,2,1852951
0,6d95c50745917bd1b2aadcadbf9950d2,True,2,2470022
14,06e6b32fabdc370b2cc5b716345921f9,True,2,2386737
3,a66f223880ce20e7679b13eef13abc35,True,2,2937588
1,d24048edf82c34b1ee1d028ae2653a26,True,2,2500289
2,c29a4ba8ff62d74757866dc875a8218b,True,2,2386427
15,6d51b4a3d6e7ad327d7cb44472e2919b,True,2,2371597
11,1ca3ec38e464425fb223ea53e285ff66,True,2,3821989
12,383fdcc45948e8e1e7e941314ce88978,True,2,3306306
5,32fb359401c508fc0046bf2d39ce3737,True,2,2426139
10,87b95092ad375987bb30da8e7f5d2fbd,True,2,2570857
14,47ade2e5576dde13f2a072f36aa4b4b2,True,2,1025415
7,59305d3fb55a950534f95a64bf909bac,True,2,3454955
13,38558550cbbc6bfe06a67e3da2106420,True,2,2563899
8,fda0abc7103c3f77531006740dec180e,True,2,2113212
6,d01f1769c4f6e729ee3ec8d4d68ab06d,True,2,1883605
1,5cabc02f5afadfc6f2699f8687ef4e22,True,2,2718656
0,9789088a19c65d4bfa93a7dadcfb11b9,True,2,2808641
9,669cf8a2ab2deaf6e46830c0b1868368,True,2,2619789
12,f588aa9f3c5bad64e0d352d70d5808a3,True,2,1961637
15,1cd5c197e8414b2d9633353ec4956f4c,True,2,1558852
3,d0f076a348dcacdb6589412c8a6cf7db,True,2,2490610
2,cd5a6d95555f9e4436ba96c314419994,True,2,2486864
4,2ef333b9747a82e1dea0443db14f738c,True,2,1565877
5,52f7c80bac367ddc6ca98f3af5e23a4a,True,2,2026288
11,07b36e0751de8c97c6a83cb74ddb7d70,True,2,1977035
14,6338e762d3a4a5a775185337126fc04b,True,2,1355878
13,b768c31342f97aed04d522bb16e2e26b,True,2,2224299
10,892ca32e7eac386d9da5923329614627,True,2,1294610
7,caf8962ef2b4641b52d14d1d1c3e00b8,True,2,2698536
1,4beb07cd36674a002b4c10845ec63c2f,True,2,2215212
0,90472dc968b9916681da4d09332ad1d7,True,2,1789877
8,7e18c2c1dae82368d2ddf75ed958bb8b,True,2,1837439
9,69d786a81dd8a42c770bc6ff1ba9c2b7,True,2,1885364
3,2122ab556643b9efbf05743e4a5b67f7,True,2,1881905
6,c0768036aae4aa66b0c74cc4bffc37f9,True,2,3683902
14,925bee40f70a0ed0fa3899ef3d161faf,True,2,1997046
2,82b042054f796ff79eed50cb306c44e1,True,2,2080014
5,9d343205b223309ebad2561550f9b75b,True,2,2036633
4,ae32d96873e990f801b53cb5088b8219,True,2,2495705
1,ec896720233979502db2141a990afef5,True,2,2149732
8,ce31e3a9f9ea0439e9ec41e93fa24be7,True,2,2265523
12,d5ca5ef7dd9b88b4fe338a926e70fee9,True,2,2872679
15,79ba1c77a535efc4bbffd779799091db,True,2,1660606
3,df9d0afe03ad6815f78a8faa7596529d,True,2,1803728
14,50d644e89a2e2ef7bd1ff4349d1469c7,True,2,2221382
10,bb88f1e76088ac31072664c5e4f1d7dc,True,2,2394463
13,0fb046922893bf6ad284a6212af569f1,True,2,3129723
2,bf33731187f5b25ea04233daff00e79d,True,2,1574425
0,da3638b8d653c95920335fe9a93c591b,True,2,2518098
9,f1de05c11fffc4866a05344b9ef69f99,True,2,2409695
11,e222fcc3fbc14fbcd1b64bcaec065f2f,True,2,1474579
7,12b273dffc5682dde00cb6706e04fb29,True,2,4172558
5,6df870d53057a806a1703147a36c7fff,True,2,1599782
4,7ba2a5c2bb7b365abc12b8f080ba695a,True,2,1476780
1,95914003c66e0f304f3c28dcf6522231,True,2,956435
8,63d0c0a76e256f428af041cc2d56d538,True,2,3222737
6,49e0a2a91001ecfd2df7a20982646402,True,2,2451315
12,d097682e792985f78dddc1eff11e974c,True,2,3770223
15,a9d984da4efffce8be63d5eab8353992,True,2,2657068
11,9c153f4b71f5e812bfe2744445e0b77b,True,2,2999550
10,78c5a88dd56f972f3c26d6c82ad3e67b,True,2,3239655
2,59ed8f9f25a9eed1b62c9ab37ecc67b7,True,2,3256639
3,6ac5073526336e2707ba2a1c2aa520d1,True,2,3759392
0,060cbc52e4f1a72e11b7297b34b0e2ab,True,2,4033180
14,2a822b7200889e9bca843a5ce1476ec1,True,2,5085778
7,48637b5cb4dec5849ef4d22fb75eba28,True,2,2683645
5,62139a6223c6b155dabb4409cc8c7bc6,True,2,2719412
8,db9aa05a8b147fd9614ed8096d0fc078,True,2,2220274
1,fe468211c1eea295174105dc284c3956,True,2,1776264
9,4e1a562367c34db9c255517245c51f5e,True,2,1906418
4,30763c7a81d00cc42c0e623c64b0a129,True,2,2053362
13,a9a8f1b16a9870a9578a12663536e28a,True,2,2850114
6,13c8c353f53ddd1989d82bbd4bcc9b8d,True,2,2489835
15,51e202d611de781b88a18218a752ecdc,True,2,2127698
12,1e761287e0783e292e77d6725583d8a4,True,2,2415626
11,0a983db65be98a6f0604100b86a9efdc,True,2,1785960
3,e11b7798e95ed2ecdfb8c48f78dff77b,True,2,1911169
10,8677a2edc0e1db8fa9eb7a1adff2bdab,True,2,1574223
7,11843e2152d76fa5e7b0496c8d588322,True,2,2586162
0,b0ea9692c2439bf59eedd1df5342e2a6,True,2,3033119
5,efcc31e2f617007341773be6d0141201,True,2,2658931
15,dc41d3b7a4faaf082c5d5b559dc88f2a,True,2,1731922
6,57448f8d2853d7d958694f9357fe341d,True,2,2357580
4,81926e38119e500673a48161213ac097,True,2,2161173
13,6ff41b46fdcc4fdec1d280bd1603a65b,True,2,2342212
2,3170448a78a0aa7db0644ec21c620491,True,2,4076490
14,abeeb7540f027f33e9e0599d6283a245,True,2,3324130
1,72934f93ae4a16a080ed102af6bc70cb,True,2,2858041
8,ba8f839eb4ec37ebedff3e75154c1d6b,True,2,3656448
3,2de38541b979ad7ebfcaaa5125aab9d1,True,2,1937120
7,bcbf4f3c33095e7bb891cb4270d69296,True,2,1866654
5,f02ded0e376dd41ccc686d6a0a51d189,True,2,1299722
10,19fddba69e0830b999b13e58c45e179d,True,2,2843567
6,2603d829c97f1b9d0189caea7a4292a8,True,2,1700717
9,1d3e702a15571708ed43f44aadc8b75e,True,2,4969628
13,98d02051bf9286d312d1cd215a743979,True,2,1523320
12,d89845eef95563bec679f088e768bc49,True,2,2780609
0,265036a786da5207d892643780443023,True,2,3407500
11,3d3bb4ea1b7021e79f39de47cafd5cdf,True,2,3164577
15,ad321976aa2fcc73792a3c0c3f0e5724,True,2,2529237
1,518c75c6f5d833ee883617e5d111fba8,True,2,1290590
14,d2e235fd69d45fe841b70758830af78a,True,2,3351208
7,5ec5d656623cd26cdfdbe35d33dd4e60,True,2,2347970
2,85d3dda1124ca3c5a035ac11d5b52fb0,True,2,3594840
3,606e549c349bd81b7544a9a86853527d,True,2,2375822
5,d073a1ecab287207792304cb609cf867,True,2,1149833
4,5278bf6138347f7f5ede908c4e2b98ee,True,2,3693045
8,07cb94cff47f2bf90851ccfa5224cf07,True,2,2270846
9,a0129dd14dcc3c3e577edd6ba04ee02e,True,2,1703416
1,716bdda9def4d222384810974bb16d3d,True,2,1342306
13,e08fa372c0959787db1ea32bc53960f3,True,2,1577121
11,519b20b620cdf6c7c8266647ef62e85d,True,2,2342739
10,ba415a1c099a2bdf14cbf7af2aeec234,True,2,3370980
12,9375aefe83556ef646dbca49a4034723,True,2,2231613
6,ab328534f5608f42265fd14acc9b4487,True,2,3528298
0,1b02d06857495bf0fb03e41d558cf8ea,True,2,2783675
5,9ee521df20f27bc6f1351f70bc3a2627,True,2,1941502
3,ec62cd9be070db09f94adff1cca64c61,True,2,1623736
14,dfa910649d9bbef94e7ab6172f0cf9b7,True,2,1583940
8,4ddd8ddf4d96cfda4021bff3c45fb67b,True,2,1905474
7,8c19d719c148fbcf380bb15eda346431,True,2,2522333
9,4b903e5c11349fbfa2949a6fdaa2fbef,True,2,1772980
15,9dfa5974c65bf7d7fd0163482e8f098b,True,2,3342191
1,e3cdd3147e5f05666791812bfa27988e,True,2,2262069
2,c77d5df42b0d812861adc46e6f50d9db,True,2,3813687
11,351270922fba3782741ece1d5acf02b9,True,2,3163523
14,783bd8fd4da7e7bb7569ce5b2e9c3298,True,2,2265472
6,c5af2f61f4809f3d409f36cea9ce0983,True,2,3295467
3,59878bcf2daf16ddba74d0aaf4471d74,True,2,3017914
4,6b9e6b7df65684ee91c14176f8214698,True,2,4657550
12,2b20604f06dcf5607e8788371b857bc5,True,2,2524152
5,d5a5f7b2a5214bcb25201b268c9d7245,True,2,2728096
0,07e7fe8b7a35dd4eaeba1c4b0283b51d,True,2,3657372
13,a0d60c387926fe3ed6dc72603281b024,True,2,3353365
10,2af6449253dc0a5fef46084fac5bd4e7,True,2,3902962
9,3b493c1019d70aa9592e171f3051e50d,True,2,1902950
7,1f05c6ae81e6814973f988b7b3ff04be,True,2,2901775
8,1800acefac575c93fd689830a39f85a5,True,2,2616388
2,5c619241070efd3cea5ac166ffdd76dd,True,2,2128841
15,393f25a3615854eb47245a1e55b6e896,True,2,2220624
4,41470a2a43c55827b2250d9fa2496a32,True,2,1901709
1,e3b390831df71cb50be0d963e7685385,True,2,2402817
12,55a27f09e9fdebe6df11608879b5124a,True,2,1975921
3,a652ee8d24ac828dcec987ff8fe95a5b,True,2,1927562
11,2fda679cc2350a31f2d30a6de600fa8e,True,2,1853911
6,2aa2a93746cb276667468515aa7c8529,True,2,2156931
7,6e984d1f904125168a216192f49dcc3b,True,2,1354114
14,70240bd99047735495a25107cb909e18,True,2,1758904
10,9a2c1d2e271b826a9048cb205c90be55,True,2,769698
13,b7589af22cc0cec94cee5579f2988c61,True,2,1912388
5,66fbbae23533614b48b7d0e02cc12f89,True,2,3972179
9,76f19325937b04d58f653e8c50e1d4c1,True,2,3902889
6,87c3162b044f890b611fdc2db07c5994,True,2,2240689
0,5df24fc9396dc90ad889f941d8b6a420,True,2,5086643
8,be7690e2869d6ff1395dd1c3f0c12f71,True,2,3405560
15,5412ffff52421b522569f1a23a7335e0,True,2,3644958
4,976c8265cadb7443929b1b2b8a9fcf1a,True,2,4076850
2,215f3cd64944be84fd52e5f982573617,True,2,1711480
3,488b8ca3f283688bc2f8f375fa21e2f2,True,2,3575755
12,420a4a075b187701e1d0224fff38f2ca,True,2,2596198
1,e886b03e2a3692c042ba831dd461a128,True,2,4998455
5,806e020ff5fd12819da0fe3dd990bd7c,True,2,1847416
7,c8797905693c2b030bd14ee4cb700e5a,True,2,3189170
10,9fae90c9f3775da6981f81644fac35bc,True,2,2458575
15,d1df0fbb63b674f935e00bda1ec4c7df,True,2,1637593
2,0b7b3c9ced1f43710143ed6f76ba481c,True,2,1367392
13,091b196d674ae04515bfcf4ad7669c90,True,2,2680945
11,6456bd83528207b9d3988b340bc92577,True,2,1984168
0,641b1e767754fa2ae27228b9722d2d81,True,2,2330129
8,68c15294c4d8582cc94e880493d6dd49,True,2,1790005
6,6bb8d8beaa96fa0a38bfd1bdb3858198,True,2,2708329
9,57b1236f0e65ee9f32ac4db287067ca5,True,2,3270578
4,dceba780674b4981f55c25469ddf8c4a,True,2,2604870
12,7c8d8f1ff4cfeb610ed8173196f5a9a1,True,2,1236331
3,713b3253715571cbf060a00499fc23a7,True,2,1865906
5,f814ab32d0626f78f093974167412f7c,True,2,2183483
14,dcb2cfc1306ad6d7b15ed45ed21fdfaf,True,2,5413812
11,61f21d4b959fb089d8b693ed76a8b378,True,2,2121423
0,044d4a4f6b27af1ba27848ed747b7428,True,2,2518055
13,847a86027f0e42bb7a379a740bc66340,True,2,1217383
10,f1c9fed2eb098eec7b0b9b577b9a5aeb,True,2,1397027
7,d647182e3d5c4bc9fd5870102c79ef86,True,2,3570450
6,5e5e20ab42e39e8ce47bc047892ec56b,True,2,1821281
15,5e8e51d35bb8c568effe5faf0a2d10f0,True,2,1615474
8,4a8173b6e008aa124cfbf5c48cc69984,True,2,1692358
1,8c275b453a5e500d54d9b465b2c3696e,True,2,4673649
3,f43b7c3dd6731747e73a8aa738f55d50,True,2,2493363
9,a8eb3a77b412695ea1a3dd2210971f64,True,2,2934588
2,a7c4cae53947d99b4eabd021722fa911,True,2,4393637
5,077f90fc06e27372d93162f350260eea,True,2,2033749
4,7075169f9d37ee5e1edc291bc7b741ef,True,2,2798123
13,26285662b91af921479f8a9523c5f301,True,2,1769573
10,97a0cc56996dbed7fbfbb6c9d3c15111,True,2,1744350
11,54882467818f792c61ccf9f14af93ee6,True,2,1617948
7,3d083e297c495fbbc7929901ccd072f2,True,2,1867806
14,52c43b83328805ae40fadd0270f6b421,True,2,1676324
12,04fea029a8472e365bbc44616301c8b8,True,2,3563960
0,b416453746a4396aac280bbba491538c,True,2,2469640
2,01c8b67c3de1b1e04dc19bc7ffa53b06,True,2,2085837
3,a67cad6e0dd2ef2ad731b6e0929591e8,True,2,2686970
15,0f602a25f0d03213b16780c87f0dc4c9,True,2,2780034
1,70772a45cb11266ea9e5961ec417611e,True,2,2613643
6,7345bbccd37277b847261758b5498d61,True,2,2310538
10,16fb9e853482f8473873f727427838b1,True,2,2489980
8,923d4e083a6a26fd141695e95fe69623,True,2,3047343
11,483662e48fa1f10f6208527812a0bd14,True,2,2303257
2,d9a75e061f7e1167069b2724267138cd,True,2,826597
7,8f904e267ff55ede3e1f205a4ef73c9e,True,2,1549413
9,e5229b57d6a15eea8200dfb3a2f1b059,True,2,2995974
13,cc34c83c1f219496906b89f51cbe02c8,True,2,3070685
4,3201c7de3a17d7e26b4af69c6a5f82dd,True,2,2596800
5,1858ddc1ddb9ee5af5a46b53525c3fa5,True,2,3715471
14,124cccf617b24176704bf193de282f66,True,2,2919754
12,004b22331fad61119c9582ae6d8a6534,True,2,1638158
0,9241919c43fede68559fa7fa5c5f7cc0,True,2,2020416
3,3b017c2d62004a32c85cfe9a3b35163b,True,2,1961909
8,356fcf87731a885eef7970fd7b5992ec,True,2,1796541
15,61de868a339964b0b60a368bf10f01ae,True,2,2450665
6,7cfd8c2815763f76c3b124c573277f86,True,2,3893613
13,580d851af230ca1652a4daba32e9e7fb,True,2,2116229
12,8ea8a6f667fd763893179e462c49d0fd,True,2,1735002
2,9ee9194e9ca128abadd813f2c23c4d84,True,2,2432030
14,26af2c63c0f2b7582f516b8c6e91c86f,True,2,1933825
9,9fe87db671ce2d0ec636380e734d9495,True,2,2702654
5,8fd5fa9dbd80534b0729ee6739513d84,True,2,3264829
1,ea58e6529e46ba931de35582198f765b,True,2,3693794
4,7b9e997c585bc09eaa1dbb615533ac91,True,2,2178640
11,b960396724dc863ef0c467eaede16c4d,True,2,2655900
10,2c503ee6c2a8baedbfb8ccba70bbd875,True,2,3026690
7,f836d9089a0120e78a7dd5adf2aa25cb,True,2,3287035
0,f07a48d1ab579b70f2254b4774d6d80e,True,2,2105195
8,8e63fe14ecd66cb337366e303ee1605f,True,2,2982494
12,bcfdd51d8a543d2691c1086b2f8c6424,True,2,1523190
15,ba8eefaf3951e9c2c2d9d6c21c27344a,True,2,2062244
3,f87f86f4898b17fc505c02fce523a2df,True,2,2505032
13,c4afb15362d3f9fdb61fa9bd8d682afe,True,2,2170071
2,8c25a664351da5ac716ac14263b47dea,True,2,3183410
0,85dc5a5e7a34d9f84a5c4a222de0e40a,True,2,1711971
6,4c633657642bb63b0d43323de9706b1b,True,2,2699903
9,b3faecda46aedba7b1ee07d25eca1f0a,True,2,2270657
4,eb6b92dceb104c6895c077dc7c55cd2f,True,2,3291574
14,555b0f71739b5882ac11407e7e3dd6db,True,2,1715435
11,81f7212d43485e466a71d387b1ca6650,True,2,2882690
15,0691bde991beba57d02a5c1ae7b32436,True,2,1851405
12,b1a04b5b1710f6b02641188761221ee7,True,2,2105306
10,e2e3a0d6071b64e88d38a7ea27d609ca,True,2,3655086
5,36790a66493945c5be51b32c5599d311,True,2,3553579
7,5c0801d6adb7b729e7ae20a5b81276ce,True,2,2577557
1,bf5df10c6b521aa76ee3d506c0307db8,True,2,3344635
4,2e94fd4da04df30648402bb8115b8258,True,2,1206472
8,3936851a92f05e8ee81a486e74f32a98,True,2,2652408
3,293637d4abacd2e4605cd9177e76d39a,True,2,1259918
6,80a2ab22fa21d0f47a755cc0df85cfa3,True,2,2190134
2,66019c87f8fcadd983f17f25d8355c7c,True,2,2484808
9,c9fa9d0ffce50c479d2840cca3203ff1,True,2,3020390
13,61fd8f0ec2f0bcf8de35dfd9abf03b35,True,2,4219625
7,f5b789a1c2bcf0beca58885213b42975,True,2,2116937
14,3754661329c8e99b59d4e1ba9598759e,True,2,3182945
10,cc541ebcccec7f42078aac082324e36c,True,2,3696752
0,62c47e59bdc579c67ef190350acd4233,True,2,2606953
11,2e501c239357519826f8f0b2aec21185,True,2,2499376
5,6d44f338a2f8a02b1593fbc11e866eb6,True,2,3022617
15,fa122d84bff27b1d9ca540387e19a566,True,2,2594041
4,a318357eadceeed29fbd5cc4e56e9a4e,True,2,2823075
1,f4735dfaf1195c969553b761b40928bf,True,2,2055075
8,5010fa22c80eadb0489b7601fe2e6966,True,2,2625869
2,2081851dcee417e9d21133e3c95e805e,True,2,1572309
3,3afb03cb973429252cd4e9e9ee2d09ad,True,2,2767545
13,43145fc91a0fbd684b51e21f2183bfb1,True,2,2248483
12,5bbe769d321f3e8cf8d612aed1a2ac98,True,2,3845416
14,1517f3ce9c341fdfab7dade3dcf88120,True,2,1487154
6,3ffc82cef9cbf7d4d3709b2c2947a879,True,2,2611374
7,7b55d0367d5b6d467520ca18a92dbf2d,True,2,2459890
9,cfc4fdb6951597c0063855eab5fd29fb,True,2,4378613
4,815b8cdbc381b0dafc5a16f0e66ef234,True,2,2157090
5,64bef448b8e0aecf012d710e8b27163b,True,2,2956334
10,ea366e4c7627c5442be4ce834b5e37fd,True,2,2318415
15,614b76d8940243a1cb73eac315461f48,True,2,3686751
11,b72666f73653f8d3bce1557e94abb225,True,2,3534441
1,c155702b5e1e7e6af0f8de0539b57610,True,2,3180730
8,c6759584004e40c02d6a6dcebbbb0765,True,2,3056320
12,9a4e789545e9eef1baf7371d4f40411f,True,2,1577423
0,1b34cd052aec323de2865b3f9a99d414,True,2,4433297
14,e43968e3fe375d1e2bc490a034f114fb,True,2,2419313
3,604ded3d0b9e1fd51d46dd08aa3e66b3,True,2,4294012
7,da55573fa2d17bfbc9d75addd9921bab,True,2,2607093
6,d96ec18a5ee350c2a920489bed5a14b2,True,2,2337816
2,b1b138387a70e4372a1dd523d9a27bcd,True,2,2204845
13,fe3a2b0ccce8589bd21ba696c7f53766,True,2,5026885
11,0f1b7133eb0449fc462f3cb91bcd921a,True,2,2530622
5,e5b6c30e0e23aed0103862dc306d49cc,True,2,1848060
14,61fbdc3182e368c9849d3cb9e6999a7c,True,2,1832144
9,ce2e2cd6039f4d22a823b0eb5ed2e8e6,True,2,2319706
15,f8877b504aa08c730d2afd89de9322c3,True,2,2489935
12,a6ca41a2652c1f61033618811335d255,True,2,2476613
1,7cc79556c20165b23e391a32b61bab90,True,2,2208328
4,3a46066c30fa0b4f5bc1f22ddb3e31f9,True,2,3768779
8,1675fbfbcd3a7896aad4c41c31b2c6ab,True,2,2600263
10,08afb654a45c31847171335ebe6648b7,True,2,3301685
0,5ce3177116f2fba0daa4f239bb8e8b13,True,2,2663677
3,b7cfc3d342b16f0d073139d91e5b6a5a,True,2,1993689
6,ebdabdc26fa3ee6add577d59d8582ec9,True,2,2822922
7,a3e22096e6e8748cc4dc04281b482e43,True,2,2537553
5,6f0178786b0cecd1f755d6d453032068,True,2,2370612
3,29b66a9bfdbc132c615acfedecda9fc5,True,2,1190559
13,dff6ae98a47cae6190ef2d4192fa7cae,True,2,2411506
2,4af05a24d5acd1d7a89484c63ef7afe7,True,2,2347009
11,e434ccc31977334accba34299271ad46,True,2,2865843
10,aac5c0801a0549795491f03d7b8b482a,True,2,791619
15,ab133ae48f95a361ad9f1c1bb641a994,True,2,2674139
9,5278b070b9bd0f571125e0a9b301a27d,True,2,2609796
4,e8ab7c1b2b127d803f4c605b3eab2ca2,True,2,2267506
8,6a3b0c9ac7c6100a3a559ddb25b5e933,True,2,2705661
14,e09d64258cbcd464b7fc801a84f3488e,True,2,2503334
12,2e0cfe11ccdbc050655ad3141a4a8b0f,True,2,3325670
0,7be57afa9da5250b6d8aaee448545466,True,2,2475821
1,ed47fda5734c78a38e29fe78e59d1beb,True,2,2287094
4,afd9387ed7d466e3323b9925e0d6b0ae,True,2,1715363
2,8173ce4f942d57c6dcc881c24866bc8b,True,2,2074286
6,bccee470b33653f73648f1a27785be04,True,2,2844869
5,be463d866c17585f863b841c4949aca2,True,2,2878678
15,d925b21f1fe31bae8cb99e73fb0d138e,True,2,2337756
9,ad23d942f645c1ed015bac40a470147a,True,2,2134769
14,e96a1bd780ade84c2cf77e07139f6241,True,2,1866076
11,9b3442fa8bd0590ec8f9161802137521,True,2,2143274
3,5752218d813ae4f453e27a506186cba2,True,2,1546491
8,f94da7a720571654b112d4b50c16e5d0,True,2,3055351
13,c6112969d4c33379f57078ce8a4605f2,True,2,2621751
10,52ebeaab11e623a18b5033814a6182a3,True,2,2922647
7,c462677f70d9f9d68a4115953467528d,True,2,2843009
12,d08c37c4fac539e74aeea3ea6ac79aed,True,2,3314775
0,7c881f000e5935fcbd72961772f73dd5,True,2,2598384
1,27c2fb0d6dee6fb25423bfd355e83fa3,True,2,2284970
9,f94df8df3267f2fe51990c18ba74fe47,True,2,1843142
6,a6b550093d9043187653694fb24a45ac,True,2,2104093
4,7167cb4b415dbfcf2dcf9c35e89a9862,True,2,2966254
14,81e4748f96a64e7ae6e18fd81820d5ce,True,2,2807777
3,de389d382a18ddc48bf0eff5ebce7f17,True,2,2800814
0,3c42df147644854331fb4660abdddd11,True,2,2136215
8,5175182785f1e87e817579c1848c3dd2,True,2,2430518
5,c8301a3c33e6866854194ecbb73e03be,True,2,3593500
15,0df37766ada9c4e76767cb1fb8f8bb17,True,2,4221948
11,8fba142e7b8cbd1603e35be310083e2c,True,2,2868544
13,89af1c0bd1e06fb28d68af55a036ca60,True,2,3088172
12,0781abac915d3bb110d8943f1cfd8dc3,True,2,2990874
2,d1317cee1746576417ebf2dbd5b3310e,True,2,4258227
1,ded026068312ecb0fab57ac210ba09c7,True,2,1914757
9,4b174934fb0c15683702d25d0bca1fb5,True,2,1890560
7,782daeae32fd6f8205beee4a2b75d802,True,2,3928093
6,b13723e261fd2f17b08a2783f533620c,True,2,3247842
14,a45b2f2ff31eb30119175c7b66dbbc48,True,2,2911041
10,95378120d0eefddddf6afda1112d69d7,True,2,3058576
3,f9d8bbd724772a0b20e2706102829ab6,True,2,3581311
5,8baceb756e1908503e1491a97319a918,True,2,2533311
13,fe6c886efe226b4dc385bccd88b859c0,True,2,2108814
4,eecb9ceb9dab4ae08cc5bc740863afee,True,2,3006911
9,18ff27e3738fb8cd34a84ee9005f0bbf,True,2,1989163
0,87fa2116154fac952b8aa71257d20d05,True,2,2570371
11,50a2f91bd5015fa7b2641fddfbaae7d5,True,2,2006278
2,6037e7c34d56bbcebc0d6ebfbd913d40,True,2,3097902
8,ebc4bce19bc8d60b2a92dc84b32e9c0e,True,2,2385092
10,68bb8fb8a8e3c2e814319a2098216113,True,2,1898146
12,3a9623d9e5c470ba8388b0fd7d14991a,True,2,3585174
15,1207433ed2ef94df19ee0d8459e5b9b1,True,2,5032172
1,b4b19d66a449134b2052716fc745ec58,True,2,3127899
7,d02e4d0ccf081cf48ab0bfd086875af6,True,2,2252683
5,cb7721bb389cbf15a049437785ae253c,True,2,2245689
13,5368638a40962b9b57bc7553fb18be47,True,2,2688318
14,5ca15cf3c1a6bb2d023a2047866fc12b,True,2,2445004
0,ebded4af6877d75f0afc28840070c200,True,2,2646773
3,020a48328d2ee8d1efb78b5ce52868f6,True,2,2308790
10,3f9982486c490c29140825cba1e7c171,True,2,2011874
6,dd7f0482e9f823dc674f0970eee447fa,True,2,2810719
9,4107ca119cc6ccc4e3b377e799310157,True,2,2325897
11,08b54eef65321c8cd0bd7ef926f0b1fe,True,2,2572033
4,7f7068499e0fac16a4039a3c7e0c68b1,True,2,2161990
8,4ba00e12a0da31c32e1549d018e955c5,True,2,2628881
12,c2f0cdd33414406debcfccf91f93cd6a,True,2,3708521
5,973b411a9afc1941f7839fe6fdbf9dfb,True,2,3255882
2,6cf5117e921b04f6216c72d9eb6a6e4a,True,2,2510845
15,eaa44c7e02e2cece4d8d5bae025c226e,True,2,2954413
3,56a4e7638b87a5ca40054e4fb180aa41,True,2,2256413
7,117776b792f1c2cb398b8deac4ccaf36,True,2,3514745
1,76a72035a1ad8a4eca583cfa9dc4dab2,True,2,3538828
6,cf79ef053418eac9be89d1c9fd5773ab,True,2,2057252
14,a3d290159eb07ff9a60555e20ac41caa,True,2,2282424
11,3fd3a75e8edea3401cee928166fa9512,True,2,3011181
13,13258e5607cfe9dd256b0bf7fb7beafc,True,2,3131930
9,dd2c0dfc2c38ce46cbfca2eaddce4a19,True,2,4426735
10,c4238b3e7f2a439215ba31f7ec9a00f5,True,2,4526491
12,ca80579260fc2c083078166f23600eda,True,2,4186973
8,7b66ae0dee2b811d62f2352bde239147,True,2,5252168
1,a48fbf4598504ed71ef4c8d7a31183a2,True,2,3590825
2,156db82308ee704627dd26850f4108b2,True,2,4127345
3,8b965fcb3feda6a380761828df3826fd,True,2,4366040
4,81ec4c7ad9f90a7debdc2a44bf92e7b4,True,2,1929476
6,3d59c100805dbfea1c8f772f160da7ac,True,2,4323104
15,3dfebcbc4c684ea02901c70478b4d61e,True,2,2466689
0,54b77944d3fc17958b7d00158cd0a140,True,2,6691268
5,be5bb3bc0e46a32b71a2489bf0553c03,True,2,5336266
7,1d73b7087979fefcccbc9cf670add24b,True,2,2592893
13,f8ce3aa39ec72c35f8f2f6b7b6030fc8,True,2,2730604
11,d336ea61aedc942b076ea6deef373480,True,2,2535431
14,b0c594427716e917a0abebf58a088efe,True,2,3466790
9,36ba841e90db15c04dd221121f2872ed,True,2,2118631
10,b7ebd1c6c4c112c62a0e727f7a66f71f,True,2,1725897
5,151208f0badc7985a93839f5d4f78b66,True,2,1785644
8,886144f32b302e2f1b8052aa19dc4a75,True,2,3479888
15,b938693f55e6e9ac298a80ce8518e5ee,True,2,1691856
1,52fb12f953c1560877d13391fb3b450e,True,2,3816258
2,77460870051b96150620eb48e4dd9717,True,2,3015925
6,8cf985c3a120b6a9879cdee98c63409c,True,2,2097598
12,ff2fc4976482b66c721bf4d27f704d2d,True,2,4091586
4,dcd5838f7ae9a343c4d7db0d5bd7c69b,True,2,2963899
3,d524adb3f55244c5d299a81445f251d5,True,2,3575395
11,a311733e0e6b6139ae1ea4fcd6762216,True,2,2428997
10,2b461e9cd931a1661e84fee77725aa69,True,2,2807950
0,38026594572f77f00395a6dd2f8f80a0,True,2,4632980
14,c8618e4aa03ce1f05813f40e064456ab,True,2,3053776
7,65a50351507c3c3cec12c8561cb4afe0,True,2,3297477
9,e1f6a7bf0e1f5ebaffd9403909775012,True,2,2802299
13,f33b2ee27b126511d454b19b8b455f30,True,2,2930285
2,ecf367a1b61d14bc3c4ced5a9b57fcc0,True,2,2494670
12,e56d63c475893a0de93c3d5a2611520d,True,2,2583344
8,cf774dd3f08ed6cd91ca22480be37a2e,True,2,3195615
1,aee39b779df7a85a16505d6096ad83d2,True,2,4197141
4,33cbfab5248ff648174a6a6379fbf287,True,2,2336688
6,aafcc8614252d6780e4cac7f3752e868,True,2,2378582
11,b6d2d7b1ded77d5b2ddc8c61d2d265c8,True,2,2060746
5,ec86e8b1b38f6a3db92d27fd01d51cc6,True,2,2332992
15,876fa751ffb631458d6e4bb9748ac2c3,True,2,4896557
10,ff53b675f0d0dc1023500816d230372c,True,2,3051284
7,4ce27c4d8be3e799a353f5c751978d68,True,2,1904880
0,ccb148d0d02e50e71775041a105e0915,True,2,3058778
3,d8b0611fa9535fb8ffed6b2a640beb23,True,2,2861195
12,5446fbd9b8838a6ff402357691d6dfec,True,2,1675375
13,2904b31656424abea47770b476fcaec5,True,2,3031791
14,d726822dd1b3d18cb57765bc6b9f5924,True,2,4618792
2,0556bea29540cb60e7a0f7d24f48cc11,True,2,3276773
6,59f2ab2f799ec2d95a1a8b7e7127ce1e,True,2,2613821
9,0cd38dc248d60a4c37e8641a60ee01cb,True,2,2729918
4,610af45fdfac01405373456fa7f68506,True,2,1996446
8,4e6dbab0fb914328fcaae38d5797d25c,True,2,2417866
1,11425f881d5b6808a465f352a5d5acb3,True,2,1665415
5,e7f8c639dfad8d7cf45d6cb51af75fb8,True,2,2903214
4,628c7c1756cfe436b2492ecd7958cbcf,True,2,1930426
11,87a4387f36263957e50b3005d19f5d41,True,2,2969663
14,ab2f67f8f2667895539dac75a2854949,True,2,1742168
12,b00331e5ab7d69c7fc560806fd0b772b,True,2,2541762
7,d41ebe29d09b63d9d5d10a90014ac256,True,2,3893182
6,fce56c07d56449c1c8e287c700ec44cd,True,2,2219752
10,ec78b7430b455b44e11c0fa74eccff11,True,2,3777939
15,b1f7b581048b1467cbaa840cbb852842,True,2,2945777
3,a7ff8d701befde13e8f2c25ac1152593,True,2,2302061
1,23d487fdd62c519554fe529c05d15747,True,2,1674727
0,0b08991acd3dc943ccafd5b975f2c206,True,2,3186174
13,faa357b6a9c0a5f2f512ac887b04a300,True,2,3710361
9,ca115f79f9acfed258bfff1f95e8c791,True,2,3640752
11,e98eb595e749a891ba9e2e0482537801,True,2,881947
2,31e605cd3e20c7d4dc0db097892bb853,True,2,3371839
8,a3679f166fd88a05c21cd474acea9666,True,2,2620371
7,34681aae54d46354a199e48e23fd0c2a,True,2,2929953
14,b86407b9e83b6859f3f92442d0dfd4e1,True,2,1276975
5,5245f8523e8846cac05890e849137199,True,2,2987254
12,51b439ff6a03605723b44a746c8c84db,True,2,3705976
10,8847da1dbb55e1d62082eb1593333451,True,2,3019420
4,c8a4eb9d9bcefb75386a6b6dadee96c2,True,2,3342002
3,6951ce9e97ea6afe597292f18b8f338f,True,2,3327856
9,0ff9b87f5d92f1a1e3d259b803d5383b,True,2,2570288
0,fa101c8304bfd31d99cc775e6c0e2e98,True,2,2520838
6,d75883103a08bcb44126905e8d85a574,True,2,2327146
15,eee4ff61a90aae258aa8c6451ef1a131,True,2,4362879
11,b636cdc76719d29aff81b29fa0787769,True,2,2516285
1,1331dd60dd7ef518bac4827365edc5e1,True,2,3113622
2,cfd620ffb26cd19b714405b8e3d28ef3,True,2,2287007
14,65dc680bc0c9593ac67d2c6140f816b6,True,2,2494274
10,9b98dac0e86d701c357a65f413e6215f,True,2,2528627
13,6d47c60852dfb8a5acc7619ff2faca51,True,2,3849802
4,a042990c20abedda7a3f1f25cfc228f2,True,2,1688472
5,c9830dd14b19fd304ef58d14921866f8,True,2,2562807
0,6539bb46dba074146315522f5d974b1f,True,2,1721552
3,2308d869d80c66a3961212cd6fc282c0,True,2,2055848
8,fe0a518a8292ca221305106e8059a89a,True,2,5211507
1,d5bd047dc989c1e6200be37b94b4b9a2,True,2,2357297
15,900352bd6422487dd69db19730925a4b,True,2,3092709
9,6a2f2d923821e3ac83e759fff7918424,True,2,3014311
7,64c78140236f869e24d75ebc2f2af0c8,True,2,4835837
11,96e8a5b721bcb5c8ab7603691c39139b,True,2,2235372
6,67296cd9619c2cb2d561c8ce428ec013,True,2,2785322
12,d590cc11264c1688066ce011208886d7,True,2,3982410
2,378a01dc238b63759862ee558d6daea0,True,2,4704987
8,f7c594b29e9027256f2ba7a4f8502d7e,True,2,1597995
10,4d7d47d69ce1557074df985a48910f86,True,2,3439850
3,0d943df339fdbb37eab6e68fa94b833d,True,2,1997453
13,14d65761633fd0a7268aec3a7882c68f,True,2,2014575
14,5949da5e66c11f669b3bbb90c2a97dfc,True,2,3318126
4,d7be856c0df84b3ddc8fe31a1997f00e,True,2,3780161
0,7db072d5743c3544b610f3a5503c6270,True,2,3429150
5,2ee28a04eb36f1b988ea2d82362747cb,True,2,4150044
11,355d3cd7866432775d5d8be0bd01a6e3,True,2,3483101
15,422df1e7c1ae8626a5441350573c7823,True,2,3960787
1,692534e71c197b221c7b14cc6a1f3951,True,2,2666449
2,384c7caa31d5052c71bad1b8c8694a6f,True,2,2222999
3,50bdb2b1b91e4972eb8f905115abb1eb,True,2,2572433
12,cb8c85e60d6270ceb450d461682bbfda,True,2,4327934
7,4c6a5257f9b12de4cc1dcbd2b99eccb4,True,2,2797710
9,9641644a1336bbf9f4b13921caa31745,True,2,3319045
13,32473759950af54e6ae3e9d05b540903,True,2,2205582
14,7e0bd786a01a486a0e5e0a6b8d3f9054,True,2,2604904
8,1c984688a37b2a6d9d02930c60006fbb,True,2,3142307
5,d802e3a92fa11217aec098de25901dfc,True,2,2157412
6,860248c24890b76611a209bc2f134977,True,2,4592888
15,c82afcfb6c109f7f863d30f5d9cdc0e7,True,2,1956834
11,8e5e88f358b5feea31bad7bc3ad202bb,True,2,2556620
10,cde08c12b8e849dc455022330c081faa,True,2,2725196
3,4e65a983029e626a25bda15a5e84262d,True,2,2548632
0,5ff48b324056da5502e5ff255e2c4c4c,True,2,2409083
2,9f645a3911b76b82303fc4e7d0a2b8f9,True,2,2031237
7,3abf7c29a3073196103390a5d1856445,True,2,2282288
9,1d1125c4a089167c8b08fc47b3e81d30,True,2,2856763
4,c252b26ac72ca3ad7a3fb1f96c3b58da,True,2,3860956
1,74c95cc53ffe05ac09b3a7cd66028cbc,True,2,3269809
15,e17ac75dfafe7ae5795b6c38301d0867,True,2,1842541
8,720db1ec661463724cef3d336b755eec,True,2,2176511
5,88d726f2a3509b10645540902648c40d,True,2,2442800
14,4eed6bfd19adc05af68a404b3147f21b,True,2,3207154
6,b161ca3f3945b34925f6cd8b938f3c98,True,2,2455430
3,2ccb59494c33da00de4115a317148bbe,True,2,2070346
12,93d87f70229abcf0c0bf29e18d42e4cc,True,2,3338827
11,fa67d3f56f50f8b58511fee598a2825a,True,2,2472599
0,c9ddaf813525d78a78987a4f28897f72,True,2,1801463
10,34ee9b7985a81649ad090b9ca6e24670,True,2,3201219
13,5b1f07e8bca00e3fa36163536956a3cc,True,2,2993366
9,3039e537bdd8937815410354ab999c54,True,2,2932220
2,76b92e922ad2786cd9a00ec632115208,True,2,3647920
4,c2140193c0fe0f0ff629a404ab73280d,True,2,2381107
8,12ef3a2d5f7314013c876cb10f140d12,True,2,1586428
7,9fd40d26c0819d68f007b6bafb042e06,True,2,3083749
5,7059a73e2ba128f2be43d99fcdf47aa9,True,2,2587516
1,2afcacbb2138ee0156e4f7f2ef90eb28,True,2,3329780
14,869985e2e4e9e02465dab7dc65f8eb8e,True,2,2601351
15,8abc36b4cd5ed433622e1b302b60f85a,True,2,3245298
6,32dbd29144c788dd763a124c79046c15,True,2,2033094
11,ffb0a8b84ab32032e2d961f21129de5a,True,2,2354728
12,5e9e62d8f6ca9127f3d5b59ebaa9bf74,True,2,3374827
2,137ac435b38672a3a7851b5577804963,True,2,2900355
3,461f6966bd0e6f711de2d51181c583d4,True,2,3188172
0,9684dd9ef1de69b981bccd09aa453692,True,2,1716502
9,44ea764f9cfa3920511ed053c35c5406,True,2,2052329
7,5df84dbe33661a987b6382c7aea232f5,True,2,3061907
5,cbd3f87729556b72f4b9911bd7f0473c,True,2,1561630
8,d94c67ee9dfe3b8b935a1d00e113f37c,True,2,2103754
1,e68895c913915a4350fa2b30ac2801b6,True,2,2373695
13,af76cbec7a8bba8a78cb514f4bad243f,True,2,1976902
4,6c7e4e5b9ca0feced07038cafcb075ac,True,2,4518404
6,1e9488e59a528406ba5b892db509875f,True,2,1682022
3,28f756b271133b32e75a3d74fc1490fb,True,2,1694957
15,d2e1b0ef4a23eb48c02c45eba17ea862,True,2,2378564
10,c8ebe7bcc47e86ebdd232e191e2e8133,True,2,5554852
14,8aa063be41ddf9ac85db6fe3c35d41f7,True,2,4291806
9,7925aa4dd20f427df2b0cebee7912a05,True,2,2693475
12,350f20ff874709144c25d6c3231b53e7,True,2,3023701
11,fe6048a7f9be2f5cccb210e4ade843ae,True,2,2863369
0,b3bf83b3f52c535cd11f1aef5edf29f0,True,2,2851530
4,2931cb2b776edb7fcac573c127bf4aab,True,2,1612571
2,f54e1bee2454301336df680485348659,True,2,2488169
3,fb7d2fc508063446afb8454af0448e31,True,2,2052028
1,441a924b7d25fc90d80341ad711570b2,True,2,3336367
5,f583afbffb4d5e730d6807f3b259553d,True,2,2760932
7,44f194dea99f8e209dc9470c9a72384c,True,2,2390650
13,ba28c060e889d2c03db633a56ed47e27,True,2,2099316
6,4c24827fc3a353f13b47cbbcaf70e2e4,True,2,1977076
8,dffcf66ad3e14ce33bb9871be76abcaa,True,2,4066910
15,b62b26463f60d0edd3ec45755cb96c67,True,2,2290715
9,5282cdbc8160f7c693b682489640f59d,True,2,1959637
4,e88c5c43ca0b9f4eb70fbb5f1cd4709a,True,2,1988821
14,1150755d99f23032d4bc92473df76717,True,2,3052128
10,4b6a5072151cef24512e79b147e037b9,True,2,2936167
1,b978540cc538fb68f560df6ab51e59bb,True,2,1688796
11,41cb4f247173b69b966bfc9183995a1a,True,2,2486699
12,b463b75683b7e0da9ef6115ad415e540,True,2,2975645
2,e67772112b3092433f92e495ea4284b1,True,2,2858449
15,62480c38fcd8e461f41a7675244eae78,True,2,2029834
3,e820863684ff425a6f515297fc54ade5,True,2,1811130
0,49473ec0dac29fc03384880ee38394ac,True,2,2787230
7,bb34db1a2e07d7730266544b824311cb,True,2,3217124
5,ffd2560b4aee5e55004bad63323fa5be,True,2,2465682
13,4e7e8db60de59ac891adbac65cc36aca,True,2,2433851
8,93385e04be57bcfbc999a8855958f87b,True,2,3896285
10,81f18cf1e25542e42445fe5e82189a1c,True,2,2555345
1,7c0bf897dbf0b59ac8d1d8b390ef6225,True,2,1680385
6,c469d692c2afb25e01f8153509f99cdc,True,2,3000395
4,da52a9a15fb303c09b3d126e42cacfd9,True,2,2872647
9,8ccb678df8c09b244ff0b3761dbf9163,True,2,4246722
11,053f31a3e9840fa0bcdd2b0b2a6bed59,True,2,2767022
2,d2cd82120fa9a83b96ad22913f462a4e,True,2,2093977
7,bd4788b529fa620190fa15e0b6f8f5ae,True,2,2660167
14,dc3e1c2cb6b61f7e085bee52348acd19,True,2,5541515
0,00915a559c36c3988ff602047b11fb7a,True,2,1730313
15,9a0e7327da642a362bb0fddefd5fbd9d,True,2,2136367
3,b14d90f3f50a0643c1a629840bce07a7,True,2,3224252
12,f1fd1faf91d6919315fa914d6eb7ec80,True,2,2148346
5,9cbef9c2acb90e2c9bd9b13fd5859a9d,True,2,3261712
8,86dbe2833008631afaffd52f7da0f59b,True,2,3714333
9,7a4d4a0477d6a5f212658122d213fca3,True,2,2401222
10,61e208c4dee027e94ca7fb748fd224df,True,2,2507387
6,0f486df8b05963614288e228a5099c40,True,2,2456411
1,c0ff1de61da8e03c5df7a2de983887c4,True,2,3221681
13,e531ae2b59ba1d061f3ed82ccdd7c667,True,2,4453445
5,5acdf96e8eeae05d8a4fc0e8b1651f22,True,2,1525048
14,ce679f4dc86538acc0b53766f06e0607,True,2,2379019
0,2897462d69a8e76a35154b094dbc0e0d,True,2,2460792
4,1d8eda229f18732a932f1bbbb0fcf951,True,2,2882623
15,4ffa69f696f955b32e01a60424084d4c,True,2,2117427
7,0f425a43ab6c51e1a1654fd7e5782e34,True,2,3013092
2,791dd28897ad63bdbc35fb1cf6fd1462,True,2,2643251
12,c01e3f4329395c192d4c2cb4a2d23333,True,2,4403218
11,dc531f385411cae2e43b7e05728141a2,True,2,5538542
8,bbdc6c207645afbc4ac3e0e7f9bf7e04,True,2,3702953
10,88dbc78eb9416b50deba9fcf83af85ab,True,2,2868445
3,b37825046e8a1549b432f45dd4342f25,True,2,2890566
0,0f5d05112f19dc432ae50267b31d73d9,True,2,1868122
6,fc7f8fc2bd00c3ea0493679c06f57d78,True,2,1582214
13,4920121e54837b9c2da1382ff65b8c34,True,2,2405157
9,4f8fa447240a92cf889133f4ef584b5a,True,2,3148743
2,3c5d541b5596f66fa9af150fe7d48c68,True,2,1444358
15,d2f84c2a18f9195aee0561ddaf4ea735,True,2,1516762
5,17b252ba3e661525e2c57d0f2217e69a,True,2,4011984
4,0c90894069856c57b4adb83118932c9e,True,2,4058229
0,68a1c1c45d2fcafd3bed71434e55e662,True,2,2335121
3,acd624c25987ec6c4fd27a3203de50a3,True,2,2236228
14,62ec9d49e76432299d539951d2184a24,True,2,4119849
10,b21ee9f5b3975f623ba088cf3d92f0f4,True,2,3496642
7,695c77f066b0c0dd6092b58defb44dee,True,2,2987610
12,2eeb613266b4fcd3e9a35ec85538d5a7,True,2,2887509
1,824392aceb6bddddc536a68a06c156fe,True,2,6021843
11,9dd98ff6811b96d4f28f3edda6ba9a32,True,2,2949653
6,06a52bdf4287bae53c60d6a72610ff55,True,2,2763055
8,9c8641c6cf1e65e57bae2ac4e2ac9588,True,2,3002389
5,1781119799b8307f05bd6003fe40834b,True,2,2085559
9,9eb7eb85bb1fbfd571f799a072d8d9de,True,2,2127384
13,fc871543f2674f19eb972fd2903620a4,True,2,3767944
3,1fffa7dd58372e4dd80fe17a1d92a3a8,True,2,2660340
2,4623a247f0c0b264455e11008ae1b2cb,True,2,4059547
15,97d73550d3c3cf05d986a2d597039909,True,2,3383181
10,53c48e228337f93d1809e479048ae297,True,2,3170766
4,3104b195ef66ce2c6bbb9c92537f2f03,True,2,2874601
1,2c518979b82dac0af2b70be945e2bf11,True,2,1966969
12,b3303d916ca4c4d2c1f7c5bc39d25678,True,2,2109420
0,09f7ebc9c0cc23d631dc6c8673cb64ab,True,2,2645742
14,6e116d541b6d24b1419ae1c04f320930,True,2,3239065
6,e284989a23efc7b3a1b6bf059d33f85b,True,2,1671834
7,8fea932c62d0af004c79cfd4ebf295a3,True,2,2971302
11,1cb4d33cf28e49dcd39115f8892f73db,True,2,2784290
15,d33513d2006c11a7b47cebf17d88e638,True,2,1762463
13,2051fd350e73cb3fdd9ff747636c67d1,True,2,2761145
5,ee66feb70cb42cd525eb8fb7280344bf,True,2,3718224
8,935012168637f65065ae686d2d876da9,True,2,2244377
3,f161c79cc73ab74cb33811c2d6214192,True,2,2016191
10,95f425eaf5752f57f326aa5b5de1a887,True,2,3448040
2,46eb0d80f7c59c9bd7c688392b64c4fd,True,2,4722895
7,6169dfca09e32a2459574bac1e954edb,True,2,1718389
11,0c1066cc2aed1dfb67a82cece3692894,True,2,2468845
6,40eff052b6c1bd86239e4ce067bb69b8,True,2,2123481
14,97a63c390fd87e16858e051d13e713ac,True,2,2371450
0,5f52996b2227890df102b00556122130,True,2,2962282
4,6ca3878f87d7ff407bc9b8c4b2820db2,True,2,2340150
1,a0bf84b6c5241b4ae11b246937c3c95d,True,2,2097156
9,0aece418dde5c887efbe1f167124a361,True,2,2553971
12,5d131248995e76b04c6c708c2c1997c5,True,2,3992317
5,d46c6e8ee8b325647b3a8a8402685f32,True,2,1801719
4,cb2394ee527bd6cd3dc491ac323bf0ee,True,2,1910185
15,7788b3f7f34071a94edef9489f38489c,True,2,2979318
10,a97d1c32ef516ef52569ac095a4200f6,True,2,2840969
6,693ae96550a81d4404950855fcc168a1,True,2,1856500
13,1272c8c46ba29a2e0414d46a793793c8,True,2,3164111
7,767ed93733894a4ef8c1c72a1b6af5e6,True,2,2245338
2,cf562b18a60b541dd2727b4fcccddc21,True,2,3289447
3,86508d202bfaa95b3768d0ece168c1bd,True,2,2633211
12,ebc06fc19c925170119d5519e5a44ae2,True,2,1576863
0,dcc5d1b9d9a24c5ef6385a4d3ca9eb48,True,2,3403523
14,3a4fc256d12bc8f4ad8fab508a603377,True,2,3288236
8,6b05cd5457a56cfbcc6a216b20fbd823,True,2,5034222
5,a8e376cc2bb87599fe38e9e02fb07e9f,True,2,2534587
9,f5b631abecab1e558ec760a2a2fbba24,True,2,2983682
11,81019db2dabd9c81e2eff82682af18b6,True,2,4066555
15,4617426e5b5b75733fdca3904fd6fcf0,True,2,3423754
3,8d12d05a8deecaeecb3bd93c486a31b4,True,2,1930864
4,5b2e89c6c1353acba4a175697c9eef14,True,2,2817202
1,f8ae2f3480922c5a6ef4589c17d89ed4,True,2,4888576
7,1d4c0c6740d1757f3af9a8b572cb0ae2,True,2,2743878
13,aed9acd78d428cc88e3553914142a36e,True,2,1589668
2,88bee51b3e7b9d16ce3f9b25f63ab93a,True,2,2647177
6,4b73aab8061dd71598c1db0e6fd12fa2,True,2,3594888
10,3975c4c90293cd2ce4e0d879ad1fab01,True,2,4447701
0,4474588146d73e6e46993efd2495f73d,True,2,2460955
8,97bd4b8deb16d189d65bd18d1635dc8b,True,2,2155114
12,0bb0be38e56b1e9f8d9b37bd64af1242,True,2,4278564
11,3743e3c20a07081221b5e4afe783f818,True,2,2702558
5,4fa4a4ada5d0fc8a3f079ec7f19d1089,True,2,2909565
3,dbec341f54be99019d5b405ecd63fe9b,True,2,3223693
9,c53ce78335ffc74198f741fa783fc39e,True,2,2714312
10,dad5342f8eebe9dca85d36b882aafbda,True,2,1265411
13,7b1146610f3da2109f823a600bd7ebb0,True,2,4354508
2,001001e9d308ad84f4a1601ab7a08fc7,True,2,2898012
4,64b50cd97f3df0745e3be0b5c4d9f8b3,True,2,2893147
7,7d0e3de8b2ac09d5bfebd2dc6d96d444,True,2,2363487
6,1cb7ade6bca4a0155f33645087e1d967,True,2,2013548
15,00729ae107d3fee2cf3d5a6119bed41c,True,2,3934626
14,54e07d5f57c2a29242aceb643d8efb66,True,2,4370096
1,35ad82b3209f10f77bcbe3b54f295f3e,True,2,3145395
8,faff712c22403184f201ea4a260c69c8,True,2,2750211
12,3c35e33ea456659023febd194c8a4007,True,2,2634870
11,ded451ff659d769627c3c4013fee566e,True,2,2160611
0,a4e07348fa3f33c1d78e7f664e2cbf7e,True,2,5137157
5,52c91506db8ebad77c8917757cf673b0,True,2,3358649
13,bc07dfe62c24cb556ee8b0a6d93ba64b,True,2,2390544
3,23f95f007364dc8add2ce8ac53ea1790,True,2,3114620
1,8f12175f71f88cba5568a22541d69362,True,2,2554264
9,66e25bcf3fc1825aed9dc9e8271aac64,True,2,2952384
10,4e73e1e1ac1d5dc97b16119e3d059fa2,True,2,2675750
14,129d93a03a805614d2c0a545ab91ebbe,True,2,2480428
15,efeab8f55ad652d98bd4413580daa70c,True,2,3477533
8,00a659dfa31a25f114501d99faa274f4,True,2,2181482
6,74e8c84c56fad8f25fe558fd9d27f61a,True,2,2495055
2,968b35fa52f89ee292bc97cb1c212986,True,2,3068346
7,6a964a65ce9c15e3b869761316c09061,True,2,4645022
4,6532b5e41a8772c8ee28eddb94199e36,True,2,1988394
12,af75243687ba1a00ca09bb07a2be4fad,True,2,2572607
0,301cfdfc79cb78969c2c9059061f60a9,True,2,2292384
13,e88c47c2dfdc52cd838fef757fc2db95,True,2,1939259
11,5d554f6532dd7deafe06514dcf1216bb,True,2,3461289
3,262942a706f345fbab96d6424e24039b,True,2,2612324
5,300807fcf97611f073944e5385f54e70,True,2,3945885
14,9313312f280df0a377a3d636fedf7fae,True,2,2121633
12,f8ce40d878be13d13eabd796119b4069,True,2,2061370
1,b7105c60430bc62be5aefb4f738c0bd7,True,2,3198969
10,ccdd5024745574ff72002e483481ffba,True,2,2842371
15,fc59f1abbfc591814dc3bd45af5312ff,True,2,2391927
7,2879791303a382e6e64cb4aa4cc33d4a,True,2,3109191
9,d0900f7aa953c0c2372edea8fbba1cc8,True,2,2198637
2,a901ecee3d7764fb2639ee2a54e52ae2,True,2,3898619
8,632877eccb342a397f243d3e75de54de,True,2,2538688
0,e4953872ef56ce117a178b6d42cf3602,True,2,2566694
6,3be7973140941a2b1beb235b5518af05,True,2,3632199
4,cbc7542e86c9d5a496e308bd2d22064f,True,2,2572989
11,be203b3fb8182ed757d9daab0bddcd2a,True,2,2467753
13,b5a5b7aa427e94949e631c92b27caef0,True,2,2788097
3,d574d70d258f6634068556f58a5af1a9,True,2,2117374
1,43cbbe65e1b35831ac484f83cf6202ef,True,2,1759826
5,a42cfdb575e16d662ad0caecb90bf375,True,2,3346340
12,2dc997845881920e2b55a0a34f632a07,True,2,2156493
14,f6c3d5dae00e179861d4c6376696a79c,True,2,2701555
8,34df2b5b2fbcb00a6c473b454eba6bb6,True,2,2621691
6,e5c333f6c4f57d0899dfe0de62e325ea,True,2,2776232
7,1769adf23af8f6d4ce057fcf26982860,True,2,3012798
2,73485a427950b04173a30e25a0ba8a85,True,2,2437569
9,46263c3a48f533cffcea6eaa91714d93,True,2,3532126
15,bf188ac6c6f50395cf7ffcbfb0bafcce,True,2,3400224
12,e1e770ef71de084930368a5b6987943a,True,2,1402848
0,9bf04145ce31597b8bfe03b1b29f000d,True,2,2952671
13,6e6c3773b3a852fa1f5493c03ba746d3,True,2,2194527
4,2fc086578d99e81e97eaea82727763f1,True,2,2918876
3,f328c43d987c67fb1f4c63f1cbdce363,True,2,2128759
1,249d512a0739ce0e9f5a3c1137795908,True,2,2763188
10,1b213e6213a8be2d2ff2501a1206080b,True,2,4780122
11,f7340e71c0b8cdf6e05444cb8d2c065d,True,2,4360883
5,33addb3d4a92bba478a2912c1bbb6368,True,2,2341985
15,75a862067f8fc054dd72922f7f00ceea,True,2,2488126
2,898be5a88bf6f24ed2d64f6af4410bdc,True,2,3108731
9,8902c1e02f5e044f8df7eae499a49fe7,True,2,3126070
8,c350066acfaebe83bfb98aba30ac5f52,True,2,1615496
14,dcccfc63a3469be6670dcb2c1f21046b,True,2,3364966
7,14f13474c926b690f2799a888c07b500,True,2,2794336
6,296ceb122c8979141845ca84263f33f7,True,2,4836054
11,3729534bd217ccc675e3ed7da21525a3,True,2,2357339
0,c17d1eb698870a74dff24c639f7c8fef,True,2,2493880
13,a5c0c8c6c7b2cfd8cf0425f06e1863f8,True,2,2453942
5,8c62a77baa33498dc43b62d6f7a1169d,True,2,2070723
1,7b3b2eb0a1fa1d5f1df4f45520fcca72,True,2,2856871
12,17a1e9c1faba1257273d681062b8d8ef,True,2,2848506
3,b676263e8d16dc72a23171cf302c67a8,True,2,2486210
14,f29c53807cafb433f44a5fd065e04b64,True,2,2170508
4,a98be1a33a6c2a8493a66b4fe64f597f,True,2,2086506
8,79dd192f124a3aa1b340eaf3ead31a0e,True,2,2644914
10,68222b6ce93180170daf35793f64977d,True,2,2731563
2,3cda46bc570bdaefbdc7897ee723e525,True,2,3978957
6,f174e25fad480d51cc61c79379978df3,True,2,2047772
15,299145a3f449fec8c845a4c7b478d595,True,2,2743001
7,77eca4a31054b965cd4ac993bfdf544d,True,2,2637051
9,8a65d6b30e089df100fbc22060065b66,True,2,2729399
0,69f4050120a1766c5cf6c6b003ffb551,True,2,2384073
5,62869e0e750ea2749ccdadae28ff660e,True,2,2322664
11,6c568d3d2e157b6249da636b3de493b2,True,2,2456648
14,db33e14609b8f9a633ce1e2bac0e2a0d,True,2,2593872
6,bbd6e1726fb93151a6dbfabb1f348101,True,2,1655763
13,28d2db557bec670d0b39ba753871cc97,True,2,2968833
15,53234acf9161ef89576426a09dcdf0ee,True,2,2518365
3,66006d1615d083546d49757c64cdd84c,True,2,2063904
12,306f9b4850cd632cbc085465684b401a,True,2,2135138
1,dbcd3ef9efd79b849f9dd14cd802a251,True,2,2139364
2,17727d3fbad891818679fbab0a4c92b1,True,2,3068032
7,6b52c228bb6ab38b525d2251807d76f7,True,2,1848638
10,c625b3491eae55280f41dd930400eea2,True,2,3552275
11,ecf038d9b711b66382b7d588f7fdb4fb,True,2,3308659
9,0517b79ff65cabc7f7308298d588e1c0,True,2,2692244
8,c2f55a7d1a84a42f554fe533795a909f,True,2,2906560
0,851bb15ee80bc59230c0a725a1f826c7,True,2,2418293
4,bf631e2ec948b323aac5f9a2622cedb5,True,2,3331577
5,97eb00f74352f0c1593ca7e7de55f070,True,2,2871342
13,c2ef86069b0070b9fbc61388d453fe21,True,2,2155818
6,215378daa2724c4f55ecf01688ed13a5,True,2,2921778
14,b314755b350ec5d4697e31d043b3b72c,True,2,2981802
3,37d0963c673a00859c5cb9cdbe40bb13,True,2,1895557
15,c955ec51ddf45a3e46cf052fff19e7bf,True,2,3021186
2,08fdd0c9831668d544a5ba7cd47ca153,True,2,2304466
12,c1f4becf4c98c13cc1ad185a6164c664,True,2,4061744
8,c5019ab1589ac538f67c6a0c1b51c6f4,True,2,3089551
0,b61681217e85ee2587544e5fb1bcbcfd,True,2,2269315
1,3965c35773d170d436cbc69f7baea311,True,2,3565547
7,3e69c8d85e485314612156a7552af5c0,True,2,2715421
9,cac3e20cf1ada33b24e3dc207a79b2f1,True,2,2126856
11,4d342e51da87a369b3ede62dc18aae5e,True,2,3712713
13,a991ffd04767b00ebccbf0f306b67d84,True,2,2502444
5,552389fa40d8ebf4a7ab7bf5e9652e99,True,2,2334193
10,0e7ff46ea3ffeff973336efcff7b79f0,True,2,4349461
6,2e9563079f5033316ba5f8261a06e770,True,2,2097579
4,3ef231d167a5afe85c144de60e990c8e,True,2,2598188
14,fc8a02292609c5ba1dff19f9b440bf69,True,2,2964259
15,634effe3f8f028c8246c537399b98158,True,2,2526284
3,d2c12bc85a4d6909361aae177c6fb36b,True,2,3122035
11,530f39239ab41f6fbc075cdc9f105f42,True,2,1544504
10,d97b7f22131d402a9d4788a1fb514e59,True,2,1779026
8,383ffd4ef43f2ed96c6d8afd49f576cd,True,2,1861202
0,c4fb6ccd8a0c5ec01dc31632014b4eb8,True,2,2608701
12,2e2056779c041febfdb685635f1412ef,True,2,3896172
1,8fb3f688c1ce9713538e605721dfa821,True,2,3740394
7,c6fe29f4c2d29de719c88836916d3934,True,2,5162985
9,ebd775b8f3ca9b54ff64bbee41b0f93b,True,2,3936791
4,0788babbec7f1b8caa96a51faf660e22,True,2,2422171
11,ef27575ae1759ba79f86537dbfcd404a,True,2,2002381
2,565d1e3b81751f3005240867840ccb3c,True,2,3117491
6,ae7ab3005cc5f355ad21bc2a79797da2,True,2,3660846
5,5224609b00c67255c978e9f3169fdec4,True,2,1633416
13,ca4bdd08888c92c8c5f14609f9f4404f,True,2,4388736
15,299a4249da2b739beb4fa6af04340adc,True,2,2521085
3,f67004cf94a49f0fcf77eb04bcb477af,True,2,2399489
14,b4697ce6534626833e14aba6fabf456e,True,2,4453359
0,202efb619756eb6044f71765598ff824,True,2,2859974
10,18ea845f017bbd03b756809937e3d383,True,2,1978020
9,5a3d96749dd7ed72e5530765634fc89e,True,2,3023001
12,2959ad6ba298c4e2bee1f92ec12b5590,True,2,2464437
8,4d01c82f45ccfe51176f6cc99e4876d0,True,2,3001097
2,b8c9df7e04e36de847571682bca1dacd,True,2,2550181
4,00f1f40e1620e42595aea3f13d134a6d,True,2,3024833
6,b2bca6ecb03ec26624a20f122e4d9134,True,2,2254033
1,1de10be08de74b316b7e95996d5f6ece,True,2,3370499
11,f962e16e1cb65bdaa6519ca4a885f52f,True,2,2596082
3,afcc3bffaf3848dff779092bbfcd4c0b,True,2,3071107
0,49f60da6844b677e60a0ac0f85b5fc2e,True,2,3795627
15,5024eca8749b81c710ba9d14969c2760,True,2,2372717
7,18d59d16acc70ef03ef1365b29200282,True,2,4128966
10,09d8b5a308494cfb7b1c22f1f2b2c840,True,2,2546884
14,dad1f4a9fe8c3c995ccaf73804ec73c3,True,2,3066252
5,aa6bbf11619b1754bb57271e414932b9,True,2,5322564
13,6a7785ce960f470c5a3107e875d20a6d,True,2,3517085
12,0a5bd734d9a23845cebdde199d203d0b,True,2,3080629
4,b4b3a6c3a8e9bed8f6141b57dd4b97c2,True,2,3041113
8,47cfadadfd22d9d0a98476f5edfa694c,True,2,2481457
2,461134d266c76e86ccc6d7cf0da6c38b,True,2,3640432
6,7f71d379eeb9bfe8c5805ac66dbccd6b,True,2,1214036
9,c81d4903b3050bae2ff744882636b7e0,True,2,2388371
3,2c37809855eeebaa69e0552070bef518,True,2,1570878
11,44a5bad63da1ead7e666356cba968529,True,2,2327630
1,6d2e2822a4762fea9903ce4aa94ded68,True,2,3016870
7,8ea083904cf6ffbb184bc18f6e84085e,True,2,2437813
0,eec296614c2a50b5e1486721fe567b85,True,2,3765194
10,323e4ebdb99896604e612b1730d94aea,True,2,3277325
13,5f0b2f74300d66eb48f27d68311cf564,True,2,2832065
4,b038cbd5edce5e5791ef470855a13504,True,2,2516459
9,c74ccd6335ced3575847187fe95cbe4e,True,2,2414552
14,037d9beba57cece0ec285c9a15c91f78,True,2,2382773
15,43502230932c4ab9b8a951e778901925,True,2,3613940
2,d37d6733d03fd18a3415693622e7acaa,True,2,2814605
8,48acdbfb11af32bfc2882fee4d468312,True,2,3097561
12,fddf58cc6510582353648e22f0763da1,True,2,3082864
3,59ee4671b0fa536e835b3052ab269dbe,True,2,2214016
1,2021cad9b109010331fe6921c1b23699,True,2,3646354
10,3b46a623ca7344976f7684650685e1f1,True,2,1772546
0,c92940a0528d8192db535598e5134800,True,2,2951628
11,ed0b74ef3923f031ef0d8ea9ee76ebd5,True,2,3691528
5,d32439c1e18c6d16eebd5123fc570a81,True,2,4196763
7,bff0df49fea68d4e8817a15f06a5fa29,True,2,3825984
4,63add80561f0780f73624a8ea2bb6bec,True,2,3444290
12,0d6f472613665dd49946ddd108d9b549,True,2,2499126
9,bc091ebc137138f260e54c95bb93659b,True,2,2720862
6,84a2308783743a9ef9140fec39c1d623,True,2,5032629
13,9dd01a2556f8c74657531cdc3fce56ca,True,2,2620289
14,90edac4be137d0699e0db2d241334782,True,2,2600158
2,254efb6e4f4a5bb39c0d61eb56ee8f0f,True,2,2843944
8,4d0f7092e28cd69ac604669cdc59d2a5,True,2,2582504
15,9962dd3d8cb4f2f9a5a5db4dbd21f957,True,2,4668656
1,83aae96c5f5ee9469841339a56616450,True,2,2499125
5,62cfb45caa75877984a8cdc510a7affa,True,2,2417909
0,77dfc69475714be722ecb86e384139b9,True,2,3198093
3,b207a768f266872c1f995d4ea2b1598c,True,2,4087870
10,89b1957bab9ac2fcdbbd342531725271,True,2,2565757
9,b138dd2dfe5f11edb723dffce4530681,True,2,2916492
7,d8a641735520079ff26e55e9eddf3162,True,2,2786794
13,2e7c572277cc2fa2e8772e7a51390912,True,2,2183355
11,784b9e1eec116d32bf887c253316f464,True,2,2963756
12,cca95f1df4c779db39ccf7f0fe5a168a,True,2,3501108
14,3472d1d4a64fb870769395adfa354916,True,2,2525447
4,fa92598aa2b5d16997aa66e85e126d36,True,2,2845539
8,59d45db9c239fb2b5ff3f66238f00244,True,2,1608448
15,e2c30cbc873c995ca5964c1528455cba,True,2,2803654
6,3e87983b235b84d600d488358c6e1780,True,2,2436013
2,a3265c3081a2a500e25db2a0349afb1d,True,2,3170275
5,eed5e1e972216ad709634788958125af,True,2,2472653
1,60229f8a437b53bc908ab2169a008706,True,2,3498045
3,339d88fa9b14a4e2d1a6c88501ef1cfc,True,2,2513620
7,233fd84bf5b80146bf1cf61f4883af47,True,2,2700030
0,6de9ae738efa5000d33cd0b492c7b5f3,True,2,4326066
9,cfded7392a16a97bb12825b29d484684,True,2,4062522
14,67b03bf61a93508714ed2482f0ea7028,True,2,2586605
11,8ac2ca2fa9bc8e58e705e5e0de07c422,True,2,3011415
13,f3601f75967b0a64d331add13bca1e8e,True,2,4621243
2,c49fefdd5f695ca0d8312b0c4f52ec92,True,2,2068874
10,c457cd6f888e3d80e6a13c3085a06b16,True,2,4076228
15,9fb4b4e85cf91b14c6ef5928a31df981,True,2,4450513
12,ed11fefa1e180473149fe148d0b2aec3,True,2,5198068
4,d1734684f2a4859d1e242e9fdbf07e9a,True,2,4525152
1,3c857b2a5f91516d7fece26b921bc8c2,True,2,2080428
7,5dc4e5c48b8813aae44db2274ff6d9e2,True,2,2828266
5,d308e6cd7ad4c1653e426b9c2367628a,True,2,3960897
6,5549e2d30f1ebb8a350c2b517dfab355,True,2,2457148
8,640683f59e59e5a1283c27c845acc668,True,2,2722733
0,adf180196f3f6b1ab476115c4ead0616,True,2,2496835
3,df7d4475fcdea5e6c1cd5656efefa9d0,True,2,2571114
14,1c0bdfc2804cc7fc519303a6dba375ab,True,2,2414327
13,b36323a467b4b593b248d8fdb10a9907,True,2,2180625
11,765f81e4199806ed3e1926b4e399d6fd,True,2,3117211
15,497e6480c8070b1b885c5659e9a3006b,True,2,2503850
9,964319e9c9f4d8d97129068748c0fe8c,True,2,3163962
8,7db5ea1857c20096e18bb1174194c86f,True,2,1628427
2,26d033a20f685c79397cc7f61126ef84,True,2,2833485
1,13b10c0cc7a0788cc83b9d6c71bb027f,True,2,2851676
4,7baf945efab38a084db5af14562c651e,True,2,2430146
10,11da030b1d0bcd3dbd0c4d2418fce976,True,2,1614321
3,ffd06a736513880c1243f1183c9e0d65,True,2,2105837
14,9f5456045902deab2c6ef606cca3c966,True,2,2340794
5,95a309673e6372c0eeb3e463873f1fec,True,2,4311994
13,9abcaab6c00a5a19ad8bc16ee8f261c2,True,2,1802789
10,50a6276b3dd32868a7a8a430f201994c,True,2,1318505
6,28c0521c0e381eecf13a03f0ea0c5676,True,2,3563654
0,820732e94b4c0f7e9592e458ab3e7fd1,True,2,3490199
4,34bbc0f3cc0664a6c66e8426159e52ab,True,2,2320030
12,2aa9f855fa79f6d36e12e661111e1de5,True,2,4624650
1,84cfc0f07bbb6a6961b953654ad04dda,True,2,3564142
8,5962446af0c6f312ad5bb04266f553b0,True,2,3090324
7,9f77d25bc11a61d9f37d3a0aafc46326,True,2,5881541
11,670640facc51fc89c0c0cacd464a0c65,True,2,3570615
9,4af524270f1a55991d1a2edf57420d4f,True,2,4029718
2,996c610da2dd8c8a45d34443f165796e,True,2,2991965
5,ca8fcc1ce98c73910b4591d9668c9a81,True,2,3527717
3,57e58e066f2cc1f7809c9af21cd78d66,True,2,2013399
13,50bcb13862182aff3e4a39ec09900deb,True,2,3377993
14,2b60eab3e52e9d9d6d096e714c6cc93c,True,2,2108793
10,5d568e3a9264e6e505a6b11b8c1d13f4,True,2,3165302
15,71177240048a5325a84b7d5bc52a2b81,True,2,2947768
11,20d147799dd932d77316db17cf3a0bc3,True,2,1423826
4,3800699f3a77dccb655f12aa38797efa,True,2,2820409
6,ed56090acd8856aa19b8b357aa910b18,True,2,4024932
7,3476605c75a84d10790aff242d9d6df1,True,2,3365703
2,587dd5faf1f1b402aa0bbac1a3f9d1c6,True,2,2276290
0,3973710db4ef71047e4a8e196904f01a,True,2,4014608
12,7a0a3cf543824183047ef9b240c8f907,True,2,3037764
8,f1e21e10289973ec5fdabac0b64572ca,True,2,4510913
5,fd47bee7746c2b44245784bfe3f3dc9a,True,2,2071564
9,1af51cfdba30a913d68fe1a078c406e9,True,2,2142941
13,e91639ab165b5a8bceb69d8c9a2fd7a8,True,2,1750889
1,a61c2476a02cb61094914fdab0d84125,True,2,4968640
3,bef69f5eda72387f72c97e7720c5a06d,True,2,3242275
4,936957fe765beca0741c5a6bafdd6cfa,True,2,1636197
11,99edb466cc6e6c109f0253be4074010c,True,2,4294677
15,59b9c3cd09ab0ac035e1c629dc5bd653,True,2,4961371
8,1eeb6d77fa6e323ef73cc7b8bf54d16f,True,2,3856707
12,81afb784ab5feeec627ad5be4823c79b,True,2,4543298
7,c70824effb2ee7af9db905125a315c7d,True,2,4544314
2,746844b9db0681252d39e9e232dce476,True,2,4300669
0,b966db7f31bc3127f89768e871dac715,True,2,4020907
5,a63fe667e924046efc2ed43266843392,True,2,4578121
14,198e7b33bea5db156042588c5260be4f,True,2,5228041
10,7d74750f8a02bb8d2bdbe6649fe2243b,True,2,6305564
6,3497b7dee32cf3ff72f471370d9283ab,True,2,4620503
13,6cc28165895f264e5d665e628d2e4f0e,True,2,2097017
9,49d2b8a2246baf74d10acdbe5eb71ccf,True,2,5868205
4,66d73bdf0a0a941e2151b0bdd577229c,True,2,2585066
3,64ca83bd5643d495ccc07acd81e6d9f1,True,2,3283923
1,b0a4223a761f3c8749e7b39295477a7e,True,2,3272383
11,453224480dfb982647cd27f14f1e629d,True,2,1992018
5,eb7b1bc61ab287130a0678273ba723e8,True,2,2441263
7,899ba3220efcc1e193ce7fb88cf54c58,True,2,3299894
15,66484e329fb5004e3ac9ba3c89437cc4,True,2,2920050
6,a849611e12ba2815fde040201cea7551,True,2,2807883
10,52586b78a25bfc1cde6f79d9009eec74,True,2,2849701
9,69bce28fecda551b9bb9a8639d82c90f,True,2,1894988
13,af437428b4c635c72f350680a7b555ff,True,2,2845336
4,11c5ba8af1df32feeaff1987d72085d9,True,2,2834375
0,1cff9a5cc53f76a702d4972ad3a67539,True,2,3102051
8,ed85a1ed7ca4ddb5870c28c252f7eb3e,True,2,3432818
12,20bc6a76bf5348859e60aee40b6d2ad9,True,2,4348240
2,5cddc3b8b22268eb8d579aca180f4f88,True,2,2337227
14,cdac28255c630eaf51543aefd138e467,True,2,2450480
11,9ddd3dcb52582a6c9ff7925076cfe9d9,True,2,2468819
1,3c933e720da5cb5b2a68ef74c489b93a,True,2,2865022
3,905835a9065b7f9b4797eec35a814018,True,2,2706786
6,5a348af6bca5e28985146e9f4d5b7edb,True,2,2422069
5,c8abffef4d03ffb92803dbd985f772d9,True,2,1989815
10,c5577efd086a37cd9264eb59140c1869,True,2,1644219
15,4fb345169f4adaa67adf703b039b0d7e,True,2,2645412
13,db1752669bd22a23d8c7540e5ca7b1fd,True,2,1621280
0,c1c847ac380a43bae6924f8b933e4aad,True,2,1356380
7,362831bdb5ebef23e9331966a59f9607,True,2,2309513
8,701e16f66522cdfd1a2dbf957a9eb347,True,2,2830055
12,07a32cc5c4aca595a57fe81bb2ed93a3,True,2,2810849
9,9ed22afc4e42cf2559e2445eca7f0e70,True,2,2563657
14,00d8520290bbf2572114970ff0ca62f9,True,2,2084826
4,f8dc55b275ac5a9dc899d95008ff7c52,True,2,2784602
11,0c9c6ce2e8cf275b26f9425294917914,True,2,2331663
2,496abe419440b88c4848a6f98df6db3a,True,2,2056297
1,0ce29d61c049e6ded0aeeedbccede80e,True,2,2889903
6,d4bdfd0d27d1fd8f8cce14e417348180,True,2,3448148
5,ac8f717332ef6117c9575a94d4cc9922,True,2,2863484
13,84247f57fa332da8dd01b2b71b096777,True,2,2891162
12,32ebb3f21bc9421e1663ff73563e2c1c,True,2,1379392
3,0c4c8366e99edf59e315376bf1233073,True,2,4057102
15,0f5e46fe329b83df1d76447cafa5a4fa,True,2,4140610
10,92b6b58cface62a86e5ac173e54e81b5,True,2,3755787
9,b915e03e3556d7c66e3c12c9431b7381,True,2,3055658
8,f284fc8b1085bf6ddbdcef8837fd0768,True,2,2966243
7,bdf2523819ba117c4a411f556171fec0,True,2,2241489
4,30eb05a6274b59bdf76419a5a45e9f35,True,2,2000549
14,2e7f8f401fcb6efca8f749b07e02724a,True,2,2508230
6,da9ed2a11bb8a49ce304839ab12f01fb,True,2,1579058
1,4fd7f0a7b13b21e36f3844a7091f413d,True,2,3284559
11,4eaa9a6f3665e89c1e8a81c72709ba0d,True,2,1826472
0,41f945b3caa4738367c89822d6c4aff8,True,2,4180222
2,efc3ab6c8581574e494554e019d5205c,True,2,4440266
5,91874ded28510baa4ef7e46a20407a41,True,2,2739224
10,c4a52217284605b35857924d1fdb9025,True,2,2780314
4,b2b24617dd7e52cd0f308cfec0184481,True,2,1372193
8,9b226916e9e202a6f2525bb76dc1d028,True,2,1969434
0,1ed4c802d0f6638275747cc866b7526a,True,2,1644041
13,35a07cf6862b05d455347fd21fa1b902,True,2,3977553
3,48a31a48f4147bf2e23269b76ff977b8,True,2,4894756
14,4ccbd754a639a52734d6d38bbce2e462,True,2,1710199
12,05eb587645fb3d58bccaec322a41603c,True,2,5006354
15,4000fbad07124deec304e5ae7f31ebb7,True,2,3998322
2,2b304bc88073657e1375dc6b45577460,True,2,3014564
7,bdc66f3d851cdd026c6d1e30a4954026,True,2,2503672
9,27c8260cf20cbde313016921601ea1a0,True,2,3111353
11,0482500b6f96fecf907783bcdb5c3be6,True,2,3242577
10,ec5f3eee89c6cd1705cd99f483d948be,True,2,1564015
6,6fd780f923a21f67f3a8c292fbc8b6bc,True,2,3155309
1,0e457c366b44e68e5b6ff0e98216bf29,True,2,3992775
4,d07ca7dd36a7c3083f5729f288966ed6,True,2,2355898
8,3cda05dbaa77877b9595a979bf5c4b57,True,2,2013592
5,703ea809a98a0caa68a5d138004703fd,True,2,1863684
7,d4d0c23ae7f026fdcf64231db1ba449c,True,2,1637073
3,af076c5d3b86fff6bb244a36d0d6877e,True,2,2783348
13,363a9a1dbc96d022ded5283d39eca42f,True,2,3186278
14,1dae0312ce118ef13fc28edffbd97448,True,2,2818014
0,176b030cc207f84b0fb0636eee0e31c6,True,2,2576837
15,b3523b3ec56710a442a1329766091a86,True,2,2568784
12,8fa444b8fe61fc04f1913c712e85d14f,True,2,3696926
8,bd2e9accc17a4a3bacf1568572541700,True,2,1758233
4,b77f19870184f98172bbb135f3753cc3,True,2,2083842
2,4b585c8fbce73b326c34c890034413ad,True,2,4037250
9,1ac79e67c040bca90e59086501bf3aac,True,2,3317102
10,471e48032c6446bfd9544e78ac913f2a,True,2,2447501
11,42e0973c3b63bda50de2e7fa73ea86d1,True,2,3695803
13,acdf9ba655987294ad64bb1a5b8e10ba,True,2,1921618
3,65c0f71f3a2c3fd745ac499e18629ba3,True,2,1896977
5,de116fc295f9b63b48c200897edd0b11,True,2,2979179
1,dcc1bee43556863bb92bd58376dc2d2b,True,2,3526707
6,b6e1453e243e46de70ebf0f14748bafd,True,2,2841949
0,1b1aa1d277d9a6210b8989b2270c90a5,True,2,2379673
14,84e4e8db7c7fd6ea119f530a95fbcb98,True,2,3616435
10,1810dfb1d93dd5e31ef973bdf0b7e08e,True,2,2435472
4,630746ce766bd746c987bf00770cb872,True,2,2101867
7,36422f4fc04e4e42466837642f89cfb3,True,2,3195441
15,b4c7c5a4360dae214d9c15e1bd761b42,True,2,3360299
9,3848bf8c1bab9b097fcf911c45d8c619,True,2,2597919
8,a07359da4c85ba60cc05ffe4614d7ce3,True,2,3220863
2,8150b29c774619f1ca96ebccae2f183f,True,2,2495857
11,a92bb74e82209f831403b13793933cb7,True,2,3553964
3,7ff8f9b0bcb63a410de771d0925f5bad,True,2,2001746
12,5d4cc43113c67793c0136622ab30ae94,True,2,4722768
13,7c867fed90430dbbd000bcd2ccc771a7,True,2,3392388
14,7dd5b27e5754768870c053e76ee621b9,True,2,1844325
7,693dad1dc1e7345a8a9e1a70d12b5905,True,2,1726917
1,29b7ed5f8bc32389163ca294309098bf,True,2,2785102
5,b78e21aa9c7d2fd197990284cc0d9533,True,2,4469031
0,bad90acad2dac47bf317b7d6b10ad3cd,True,2,3570965
10,f05b3c110d3d7ed8f1ad0ecab90fa252,True,2,2812000
9,90f281d1bf4283c959bf0fe5cef63f2d,True,2,2494241
2,5ceac3a5f71987eb612b99adaaee3789,True,2,2534551
4,5596fb33feaf2b6fff6c932c2be7af3f,True,2,2950718
15,33332ee319a701d15d17573ae0ebe620,True,2,2888914
6,2084894c9fca37eb1ff864dde2c95363,True,2,5037123
13,b8d9540d7a9f4c72db1ca96b974bba2a,True,2,3020401
3,03f7bda05ea01608864b2b8780bd22d4,True,2,2909271
1,1f4f62d4ce3e947f90c78cf3bcdb2737,True,2,2203785
12,28af4e8d52a74c03d0705d236f45bc52,True,2,2647711
5,6c40c0231ff7ed6aefd88a7421bc4122,True,2,2476126
7,8d8e76fa29f2189f56b167ef7edbd8d5,True,2,2658801
0,1829f757bdc32372109f1224a1d17178,True,2,2353700
11,f01f7dff980c96f09f4ca02aa25f3db2,True,2,4034699
14,90377f3e066012b3ddbdbfa883e9eb32,True,2,2371575
8,132ddf5249fe7d9f353946609ea9dfd7,True,2,2829701
2,e9c8322c77674eef0cdd2d8454c13748,True,2,2499605
15,b24fb9e2f90fc5bd3957f5cf78172080,True,2,2867515
4,14fde2ca5b52222eacc7bfd9f3b9f873,True,2,2954446
3,d3fd8cea8222c45eff2d6de460055932,True,2,2112459
12,6251fb2ff2b6cb2a72ad6b51760927b7,True,2,1339646
9,654d433fea8125cea1d902ba649a8d3d,True,2,2514070
6,b2186fc0ab168936309edb9e8908234c,True,2,2360534
13,b24b95f5812d1f67e329cd25c514cae7,True,2,3314686
5,b1b68eab9ff8b84e31fa93ba49aaecc2,True,2,2270748
10,f93925b0a27ebdd75f16568cccd78ddc,True,2,4400217
1,6f8ac3a059e36c66f47f1eac3520d903,True,2,3126830
7,49751251970118e45ced6fae0e67ef58,True,2,2912927
14,3bfdb2b98fc1eb0af85cabd0dbaa0d56,True,2,2869399
11,9d5e7bb0e2b25408c12fbdfb569e687e,True,2,2556718
0,1c167b1cc99a5a3fda50f28f73fd4830,True,2,3846865
2,28d4a67a05b55cfe414f799c5c3a89ae,True,2,3144237
8,a44f38da81f450f50e0a9ba1e469842d,True,2,3480549
9,3f2e02470a2d2a6e39f2bdd39b74e969,True,2,1691561
3,37d67a2b26386c2b6152932c2c980fb0,True,2,3268870
12,56469a68e78c63b52de66745285eef86,True,2,2902041
6,f93f6bf48abdc0102e134c8812123863,True,2,2788046
4,6f53cb2fc08f23de7fc205168a76a94f,True,2,3740644
15,e6b86612274739e7dc3b878457f2f266,True,2,3362234
10,74b6270ce689486e2519302ff6a71051,True,2,2379967
1,068dd82479ccb2f248ce57b9127136b2,True,2,2021349
11,f4e8464fe5f9eff8ce07258afdf9c04c,True,2,1771898
5,127e3afd19d3b123fb0bc6d5b383c894,True,2,3361853
14,ceb63e8083c3c45ea607c592b064b4cc,True,2,2012401
7,2f80997965d2810118cd5ae9b9c4d955,True,2,3123075
8,319933314512bb9bee2b922c68e18406,True,2,2682229
13,33ebb51cdc2f698f1ff6b25e6bd3558a,True,2,4731022
4,ee83fcf1c8b4645e4452ee3d8ad41587,True,2,2161480
15,cabfa31aae2a2bcf73b5fee4684f155e,True,2,2272849
2,3b5ce5b3d156e2336dacf1ea6dd8b58d,True,2,3343952
0,cb4b0cd9b2db0cf3332c46ff5f344f62,True,2,3233740
6,01032b6fdc3162cc389dd65936e5ea9c,True,2,2221099
9,cfb4723df8be7bb9b75bb919c8b64dad,True,2,2651794
3,c0cd92377fe61dc1260e61cc24a35a30,True,2,3077520
14,064fd9de2d79bdd0f95ecd5b02785453,True,2,2024230
12,195028ffbdfe2c80188fe29594bc50b0,True,2,4357293
11,6ad568257d1f5a0c9f39902997c93c8e,True,2,4161601
1,d060de503421a2f30f6f4b381eb6a3fd,True,2,2768174
13,9efc9204e96202d7d9d3dbd32e24bca8,True,2,2661976
10,9467596b47ec0d9be1e2f6e72c45942b,True,2,3132916
7,c42fa1dc6ee9a56b705ca7962f5d9985,True,2,2815644
4,575cbba9c9c093fc734b085ba5efa9b0,True,2,2776823
9,9282ccd43906995f9d81539898b68a0c,True,2,2169835
6,fedba35a339757208829b3d96608ba1a,True,2,2236444
2,43d84309518bb1cc9c97f28b46a0dec4,True,2,3459732
8,cab497df3e65ccf73c2c82e34b7e9f15,True,2,3654981
0,1699f4da65c878345f9819009328134f,True,2,2904490
5,a2443753205b31785b08ab5960fdba0b,True,2,3574527
15,b8b96df06199b4c189715b6363342184,True,2,3641507
14,237fef2defa31a08cf4c3e91b9653ebf,True,2,2732431
11,6dd3ba612b95fd725ff06c860e216edd,True,2,2533558
4,4c4bed967a7730af4ccef3f77c20ee02,True,2,2046135
12,21bdb99646cc5baf54428e1ffa15322c,True,2,3251838
13,b35db9c2a7dc0ca684831bed6d419d06,True,2,2095962
3,ef834fcbf0447b3310e08b07fee5f7e0,True,2,3560712
1,bff9d1fb100e559497bd9bbdec32593d,True,2,4114607
9,866dc06857fd028984e08db370a7c97b,True,2,2537064
6,56efce8542bddd57716d7c5801017ef7,True,2,2364994
15,a9ad12533c890f0998aefb610f45347e,True,2,2053939
10,4ca2dbfb20a56a8cdbb54957f92c40b8,True,2,2960814
0,d2a62004ba44807972df9f0c09a76abd,True,2,2128208
8,ec87d90f8834cefc7ffed3dad2d82e39,True,2,2938431
7,f235b163fb5dbaac0f4860990a384977,True,2,2457581
14,c0388af8bfc404fd0c92c8e30f7e9a6b,True,2,2782793
2,065feda83a2c90050ea21a4a1122c0b2,True,2,4417634
3,8f8b5ea9a8c47114cecaaa889adf9b32,True,2,2096307
4,05041c292f1c6537382d97ced455085d,True,2,1698036
11,e2288fb559a7fa3e8cc1598fa08ef922,True,2,1624345
13,545a7f8f75da96ae41a4874305ab2750,True,2,2946900
12,62a7a319ca6936dfceeb8a559dc5cc1a,True,2,3796747
5,dc1906b4c1e89ea8f1953ed19abbcd51,True,2,3917432
1,66e90b4a7e1aadc972b6a6213b533d58,True,2,2448703
10,541a9ca5302aa00e6fd5780b7e8c74f4,True,2,2802506
9,e2f7cbf5796676f5c1ff77c3b2f20c78,True,2,3397758
6,1f2b13dc2a06653754910d04b38a4461,True,2,4005569
15,501bc6a6fda7b44c44c934f6ecbbfb24,True,2,2702589
3,c434d833669eb19d9ee338f6fd6456a2,True,2,1960235
8,12fe6308bbfa8e1fdc6c1c89bf4b3f20,True,2,3095727
11,c92c34edd2c72e43c40f921a104c93f5,True,2,2471055
2,812b5508b2a04471d1acdd98af2637d6,True,2,2607236
7,a2abd6651f69464a3b829cddf664d534,True,2,3437786
14,6595d92834f1712d09cf0f2fa5af8315,True,2,3415083
0,8e10be9ca78e241a5ec8dcbf136b0773,True,2,3008368
1,e43d972a503a5f3b20950956b001736f,True,2,1712738
4,dbeca1679e36a096a4b4bf696c9148f6,True,2,3147025
12,f62ff89d4766403e681e4272892144ed,True,2,3391530
13,083c50d1c02da97ece48dfd239b0339a,True,2,3302674
5,1a760b05139f9ed0309e54cf8c3c37f2,True,2,2896631
3,74c2543d4c0c3264816c586706348495,True,2,1619908
15,4e8a008d576e8992d580c8b22981ba5c,True,2,1589365
8,e356b6f8ccb60a8466eec3fb4ea7c66e,True,2,2870874
2,c2cc8a9eddadcecaa6d26d90b54339bd,True,2,2691655
10,51cd0d7ae7e1404ae7edebf980e3552e,True,2,3140244
7,0df1187bf66e06a895a5d2142b052092,True,2,2107978
14,4c9e2c5da9f00eeaa1d5c50aa91bd091,True,2,2838337
9,bab195acfe52c68e5a4f00add1153a51,True,2,3077854
1,a7be209abf192c5d4f5d9e3eea82f4e1,True,2,1738860
6,b52869b65ca1468176027a69a7623933,True,2,3756568
4,d69a354b2d4b46df4c295ec06bd6e16c,True,2,1592486
0,b45b9ffa6d936253a268c3126ae56dd0,True,2,2865422
8,fc7ac123b2120b0dd6f9f2f75156805c,True,2,2073091
5,339f1b44fda10016b20d006a3c2cea9d,True,2,2093910
3,5f6057a87184071ac5e7366b0cfd75c2,True,2,2545836
12,555b078f87e7995849038736fce203d3,True,2,2757321
11,c615d6e97fe2984101ed45268473f760,True,2,5232617
9,346dee904d320169f7a3aab87339f901,True,2,2511012
10,995112026ffc2903dba90ff83121ef01,True,2,3329129
15,b1f824607f5f76571c2f34329b817267,True,2,3206239
3,826f57495770665c00cdb0c4d0d37e6b,True,2,963065
1,4ed6add7b7f388854cd2aa07ab60d8b8,True,2,2548414
8,cc689f5461cdadb507f8b56c311afacf,True,2,2525433
2,2d2041fdd06152f8a7de95d5841313a4,True,2,2985986
7,5ba85201e4e723027fbdf114d191f95f,True,2,3217873
13,1f22a8473b471077322c84f2f25ef5cf,True,2,2936411
6,213d5d28d5e33f4f4fc36a1dd50fabe8,True,2,1639919
14,6b3721562fff9b1defc491f90c0d68ad,True,2,4147541
4,2bee7d962399067db01d4583028db777,True,2,3434139
0,a62e07a67851d5dded1cf064fd92719d,True,2,3527178
11,514f3d40dbc4ef52f0cf8f4305b37b3e,True,2,2369412
5,047fb1e53367dda0c3a01741103ea590,True,2,4050875
9,e953ab3f14a7f454e2ab8f2c9cff8752,True,2,2999981
2,19182905e10e2924e27d84b1b1aa716b,True,2,2745231
1,36d66373b60712a758ab95fe8f932511,True,2,2959284
10,b62626d1bfbe83c9bdd4ff1c918f865c,True,2,4015286
15,1fff488bce505db8f712cc0c42ffdb8d,True,2,2199563
6,4553d4f53638a8bb3c5a591dec6fb2b6,True,2,1774498
8,cc1207b066314372a71322f2529e3098,True,2,2271185
14,8af9bfe554a58df4f1b1f0a92e559e44,True,2,2925549
0,0eb6589af3cd6686ce8eaaeda9124abe,True,2,1666013
4,e8b0e3b6f2012f0d78ba96d2cb63c406,True,2,2146946
7,e169301b264bb677db911667def24548,True,2,3829538
13,953041a77e7344dfce6d7538d4444023,True,2,2412886
3,9bd3de10a14f3a4577098dbf10710bd9,True,2,3327968
12,c5d105d266c7d83457cf559114a7b7db,True,2,6566036
11,6e0299eec5597bf1819c5e0826b0cc64,True,2,1340145
1,03b23c3082e53e8f5ddc2da6a6d73ee7,True,2,2157096
10,02a3e4ace5602cb956070c542acb85f1,True,2,2709987
5,6d7115335ade0431939a1bbd79fc9a18,True,2,2611538
15,f8e018c363a45c9377e769f758346e96,True,2,2737237
9,b5db4abef2da489345019c40e6d6185f,True,2,3042044
2,98f0c0675cd9c6c52230e62dd6569921,True,2,2506401
12,d684a323813c34ff931b8ce3fc0ac5b9,True,2,1850641
3,35eb8a1c84e2604dc608e2cec61da082,True,2,2351260
6,4c8e5153115d75cd12f44994252404c3,True,2,3186891
4,78d0799cd413be14ac29ebe2fdd01f91,True,2,3133063
8,5120d69a415182efc86df30624c28b0c,True,2,3030904
14,3c2ac778fc2a7c29dbe910b52398fcc3,True,2,2594322
11,d7587c82e402b1d32c95573659a958e1,True,2,1649953
13,59555f98f52a17159db6f34f787f8916,True,2,3391826
7,60b78aa9b00c49ca58d385197b0a9260,True,2,3532237
0,457786461c2054dcaf43c5002c39bd38,True,2,2558991
9,72243fe62c1cb0fa6527edaa97fec318,True,2,1832892
1,70341b80a60e6ae7cbde00ca96584898,True,2,2501960
5,6aa1c18a76bf01ba22df1bfb4ae59386,True,2,1711316
2,91f81512fe1ebd8fe7ec711dadd6a7d4,True,2,2006265
15,d0381df82b9bad55f2e581a523be4c29,True,2,3160313
8,46a7a9da5e161fddfd6e503efb222180,True,2,1263675
10,8a6ce1fd5c563e1ab59b45019d4c61ce,True,2,3189066
6,72097126336daa35d5d62d6a4d12977c,True,2,2532871
12,4ca071c665e273d33e2de4f74996ea0d,True,2,2825212
14,af0e1a5cd895114519cdc80963b31b61,True,2,3009072
11,e72e6142c8a26c161473402c5f33ff85,True,2,2714918
0,c51937c8fba75003b2615eccb5ada201,True,2,2443969
4,9462a644fb8852d72aeb6330c87166d2,True,2,3062330
9,4dbfb0b42f611716756838a994cf410d,True,2,2257988
8,cb28414a5ce614ea77f095880c567179,True,2,1383318
3,133f7d1b46b6e2143380d4e11d877543,True,2,2934870
2,5a7cad54eb27349d78fb67e41d123ea7,True,2,2776687
7,76abfae69cc3bf0dcfb60a0c2b262a9d,True,2,3069951
13,15d7bc6ab80e86bfa391f07f6e2b13ac,True,2,2794810
5,ea47fbd68e9c99c1fd30aa7c5f937b31,True,2,3647799
15,b579cdce86c7c92982f265cb94bef477,True,2,3394954
12,4a522597a93b38bc119101abfb1d6e52,True,2,2983639
1,deae09484a81105b05f014f262612d2e,True,2,2856652
10,a3e09f2bef21dd5955c34a14bd3aefda,True,2,2085488
4,397334de780a717b65a3a2b8ef41a2cf,True,2,2084485
6,767007b307e5ba69b2766e09c194bf49,True,2,3177001
0,0e3b9b2fcc4c2e635a390beb65f104f2,True,2,2597885
14,29880b0bf869465a10d1b440fe75c608,True,2,2147860
11,189e4add535f252fdf9799fbd3bfbd90,True,2,2467876
3,5039e08d7fb2b9f96ae23f48f0275428,True,2,1387002
7,86bd206a29c51b61347a8f74bf9e7fe0,True,2,2597239
5,00db93ef39acc3ddb06f5ad6db6d15cd,True,2,2719087
2,b42d306406ea7f8798a12255d88d5250,True,2,2138402
9,1200b96f7659ef951e536ebb4fff9077,True,2,3867573
15,dd03d15c65f86f13d64f86cbec59a36b,True,2,2903680
1,6282ed02df401e5e46fb876f4266356c,True,2,2307117
12,15995d54e65db6f99fb6221b62421719,True,2,2538954
13,4b9f1c9cbc8f869e11464d9020018d14,True,2,3131829
10,ec166ca3e7b7b72c693a0a038d20e408,True,2,2015391
8,631635435f6d99f2deca45613694d678,True,2,3651045
9,5e375c010d8172b64ac612d3c7329b52,True,2,1949279
4,4f86a49806d119e66a19f1fcda2b0639,True,2,3734007
6,bb1aaeb32ac22aa844544598302744c5,True,2,2691948
0,68c7a4f849b6943eb6e878893b2bdf80,True,2,2915568
7,06c696703ba79d0a3d2f8bb49c183f2a,True,2,1900646
13,da9113d5e89df470aaaa73961f085903,True,2,2217982
12,97035e92816587860c8badf4abee67fd,True,2,2852526
15,b8a9f48a2adffb4aaefb682be1c4d50b,True,2,3687942
14,cb7b39165a83dda35d02887ea9b9a6ce,True,2,4757536
10,a74969625a5d0f44df145f165bc5fb6d,True,2,2989733
2,204fbb42400c12f9fd1d0d19c0bd175d,True,2,2973809
11,c57f04dc933b519f213ad051bb570654,True,2,2879690
1,4120e93f7d5bb66f2353118965f88a05,True,2,2886495
6,0211cd1d6b581d5d5ceefdc99ff2702c,True,2,1654853
5,3a69fedaf9543befa1afb1a38fd6e516,True,2,3584255
3,bbcde6fa9f365736b965775b93b7667d,True,2,7102805
4,9d52ff7d2b57ca74938180abb5308715,True,2,1966983
8,a2e27d126cf2b9cfa59502685631c69e,True,2,3072021
12,7f8cc7678681433eaf33884a5dcec75a,True,2,2542310
15,ad9db4dd93116fa275e7f834765f8535,True,2,2219727
7,ac57828ef44628a1d4cb3a915322585c,True,2,3803802
9,b13e90ce1fe6cab852d0a17968aef65b,True,2,3668967
13,7b6bec7f9bc5d772990a831d9f22e76e,True,2,2355447
11,9a5e4812218a1bf35f26ccba21139600,True,2,2021327
10,8475e63721c6d0bc0f2b8c44bdedbe75,True,2,2722376
5,b3b975d242466b65db576725f0d0588a,True,2,2083662
0,211fc6843a82bb64dc32c78d8d72bb36,True,2,5796448
1,5c704d07880740152c19428603874ddb,True,2,4726174
2,2d51c1c6eac5229c9ad23ed1adeda1b0,True,2,2571123
6,f143892ea2d43058f21480bed2b01ec4,True,2,2734348
12,b388e7585629101f2b7ae3b71e3c5d13,True,2,2430818
10,7823fa194270fb794fec3fdc221d0da6,True,2,2347043
3,d5cbb6b4d84c327b1b72508aa293ee12,True,2,3733778
14,5abeb3b062f86875212ea1f08baa6b50,True,2,6692922
4,4b50350ed9377578bf2d265d9b15d6dd,True,2,3627989
15,030b9f9a65e7e35039c718b06a8768de,True,2,2947188
9,59570605dc30c560f439c8b02f3c83d4,True,2,1500096
13,df01fb134b2b2b263318a20c01659cae,True,2,2383324
5,61debc6634e620e4f4cf249dbeb50a85,True,2,3138651
7,437468fb4ae8bbbf4399aa4e3ee538a6,True,2,2226361
11,1981e561a5c0daed8fe0d0a40dfa192e,True,2,3044742
2,506e7cdb143e499b2222c61b76189877,True,2,2836089
14,31e723cc50145c1e2ac1dbc7d8b89031,True,2,2744140
8,95f0315abf8e5f00a32aed30be5c4cbd,True,2,4175004
12,fbc9660d39e495e594ff54a62c50537f,True,2,3067348
10,b601f9524b054ffab2f6e3a0baa92cde,True,2,1607966
6,29199f7bb06ca38f8ec0ede7fddf1c0f,True,2,3258514
13,20cc059e11c6aa7839a2d899a1cb84b9,True,2,2417035
9,48b8e0f2681a1c3e19eaeec18b1e3a58,True,2,2849906
5,50d1fe753a544426cb65081aa783f6f4,True,2,2420321
1,0c84de260b77fcda56327de611a17dc1,True,2,3960117
4,60b1a1ee0fddb7d585d5099599176d6d,True,2,3131301
3,196d208888b065d61a5419d56e9179aa,True,2,3269100
15,639194110457e3711fdcdae3465f9c5b,True,2,3516352
0,b1d6dcd31bce0e21025a2249eaefcb2e,True,2,2981868
7,5d7780ac8c67c02a847862a91a3fd53e,True,2,3993704
11,d3032632674dc54c08890b18c8a95321,True,2,2949094
10,a7fe9cd3fe9e025c50eefe31fa26f74b,True,2,2904200
2,de0d9ec6a2addad8a636966d04cb9cb0,True,2,3583683
8,6621364c88c05476e433724ee8733bd0,True,2,3256759
1,69eadf2df22d6ceb3da6f6998fa01637,True,2,2778105
0,f1798689fe78608976b9ba0cb469ecf0,True,2,2621642
4,44fc674656c0c15c8729de1395da173c,True,2,3548145
3,46a43e6c6ab2fee1c0bab824d62a9e71,True,2,2949028
15,4a9500908783b5b997ba95027abf1808,True,2,2597488
14,c502e5eaa295d8f28ebc9a94127ffc36,True,2,3942104
5,e0e277fe1572c22525c7a863673ee51a,True,2,4605493
6,524cfe89fb79a5479230f9269746aa11,True,2,4367651
8,cd89d4f09c7e2c5ea55f8871029217d8,True,2,1231922
13,6862f34e3afa6c853b2d93309bb312af,True,2,3551992
12,1476afa1d03229c73ec87c9e9823b37e,True,2,3459323
7,4b72d6ec44e69eac941f5db64644fc24,True,2,2453548
11,a5d1ad76b1ff286012d5f8049fd5dc53,True,2,2922861
9,833e782dc51aecc1a9c3221343c5344b,True,2,4428017
0,64173c97b2d79d5cd020bd4001515f3c,True,2,1206761
10,f1e006d64cfb972ac3e0cfbcb5a5d0b9,True,2,2890416
4,d5da4ff59562cefd099b7c7a42ee5cee,True,2,1949679
3,f28157acd1111e6f17ee207ce1eddade,True,2,2154125
6,1d919ccf7837d322612a00ae4434a60a,True,2,2973175
2,a1ed7eefb00d40a8aaca5fc8762b6b05,True,2,3397266
15,1c04deabac8e82580caed096410450d9,True,2,4077897
13,48058b7067011536b0535444bb11b6f9,True,2,3044814
8,1c8bdb96cd7e86b923b56deeee73896c,True,2,3723896
1,ae39a8f30e7f61054c33213ab6a83f5d,True,2,4679798
14,60ef77b685221c84bfbc0b5dab1c671e,True,2,2859105
7,2e04b83203f656d9a005fd93bd847519,True,2,3292668
5,1d3dc6aedaa83c1a750c71e6192d6e04,True,2,3255011
11,700b16fabc50fc9ac4cd9f0cb12bf409,True,2,2550792
10,b2ad2ad5864cd74804921b61ff2ef0d5,True,2,2399653
12,bf0d13c23d841beb0c1b8f20acbaedb1,True,2,3229710
6,1067932063efb8d5709bf523ee3b4c43,True,2,2331817
0,384423dd142af5c056c2f793fffbfe95,True,2,4304133
4,bdc53aefb883acf3384db03a192a88ca,True,2,3152937
9,08aff3d4c979d8970f163fc3bfc644fd,True,2,2843553
3,1363744265a853e3ac185ca886eea701,True,2,3899486
15,f5f25605d5c6a0233d91c34cbc696abf,True,2,1638979
14,03fb8f6c4c83afb53eb1074c90a28bac,True,2,2097872
2,2f23c39504d0d9f5b2e660c9b2d4f226,True,2,3379601
1,672e933a082693797ecd5580900a9b1a,True,2,3490444
8,f13d21febd3f3d564d1c6bcc7436bd35,True,2,2746299
13,8a8a89dd60c190934060787f74fa0ffa,True,2,3270093
5,3348889884405e8340a36e41a8e41261,True,2,3083952
7,5a8c1598b3f436cc6fb047aa8dd055ee,True,2,4363322
4,8aab07056bdfdf78441f56f95c875e35,True,2,2169265
12,da288091fdd02831d6f6b802944265f3,True,2,2028775
10,8eaee85bd7c66946ff574d83fa535a80,True,2,2453419
3,615a079f88b4a19d7cf726edaa1f99b4,True,2,2342396
11,ac1aea58ee0ab138791e0d1c82f93ecf,True,2,2415907
9,a4fdf3f30ace6842213383abef73dd51,True,2,1582025
6,4d859cc4d478cb0b76adbe20b4609173,True,2,2246047
14,e5c18814a672064bd58f44f158ae3b5b,True,2,2692499
0,df9a4f601ddb4d64eef58adbe97333d0,True,2,3655930
9,8541512b264989b8995d86e0683b6bf2,True,2,1303044
15,754fa59cf38fa2c8cb67f48ee68896b9,True,2,3166341
2,6f9c4b8c795da4b8b8c0c9ceb0f66cc2,True,2,3486930
1,6bb481ad8dbde6ba3bb26e1074dc5f63,True,2,2513878
0,b927478686de66615d5cdc007b76a445,True,2,1518579
7,366a0d99f5d77c1ac64ca80e043730a9,True,2,3130846
11,2eba638d0ee7554fec289ccd00ce70c6,True,2,3026859
4,8607a5cf42fd7ac3c74ad88c770f9380,True,2,3006137
8,af9ebb86cffca45ed6cf573588c28c5d,True,2,3209965
3,97712cdcba4976c145f481b3a47b954b,True,2,3831928
13,862aff86b8f513c9b5dc8a9a8799a097,True,2,4472117
5,b1ec1e5749e85640f22fa8cb4a0ac2e3,True,2,3354382
6,fa333cb021566791af0e25d0bed8cac4,True,2,3960335
10,9c74f0b4884524cd8661d9413bcef198,True,2,2439625
2,5dc71e3aaf048b8d60fda4d4a1d1db97,True,2,2561232
12,80cb2861506039e1377c0944529dd30e,True,2,4842592
1,f0a640bb02e1787988404bba23c7e0c5,True,2,1743126
9,1d450b8167cb0ddc4bfbe18ee7baa924,True,2,3271060
0,5b25cc9248af615afceb8ab72bbdf4b1,True,2,2249497
7,d568291e93b0a17eebfd919ce754aa9b,True,2,2749699
14,1a986cbd7df9f3568e4b923eb20d7fc3,True,2,5270349
13,b4111151ccfb694fd8220b681d07ffa4,True,2,2412238
6,752c9f540f70ebdc547f83cdc7b87ad4,True,2,1348772
15,c38dec2d6ee9983bcb1db0a2ed2771e2,True,2,3432610
4,da5c1b3bdd72e42f28df5f1ed5372af9,True,2,3564636
11,4150c67155e88873aff2915ce75645cf,True,2,2308681
3,3759acc9655133c871ba8ade58914dec,True,2,3517736
12,bd7a2950d84a28778efa2014027830aa,True,2,3292509
8,e6e8f4da6574b62e82dd855226ddab0a,True,2,2164926
5,91df3d76bd25f6b7b8ffee6cd130f7bd,True,2,4632733
0,72fda29939c6df52b629bc4d8bd50f9b,True,2,2021880
2,48761b3b918efe5b1b4ac20865dd22f4,True,2,3599029
1,0dee6dbf8e995bf9906bae6938fc9a0f,True,2,3001264
4,327a6ed04109a6d162e8d19a8d329f07,True,2,2317175
9,bbbfcb47e36b880df109ec023b82dde8,True,2,2771494
7,745bf5bb9afd87f7eaa597cd4b35f753,True,2,3263183
13,770b5a1d2ec8a92de95fcfb13f1b6776,True,2,1577878
10,311b22b5a0d90607cc5f2ecaf84ace18,True,2,4194599
15,16c880fac9437d6818fd44bd043f820f,True,2,2246313
6,f64be473475f164f1b3f3abeee8c0de8,True,2,3029677
11,7e375a52c5b76ce130efeb149330b61f,True,2,2890311
3,c480221eecd68e8f1f4b14213c93b3d4,True,2,2202682
2,c2130c72887d67455efe76a5d7684a19,True,2,2055061
8,147e86ab20bd88e06936f1aeed27bc8f,True,2,1892787
5,0cb1ef8c196a6f460056ae578c860ffa,True,2,1745300
14,beed22e5eaeb1c646acf63271b9a1396,True,2,4951798
12,01be80a16a91d6b96c90c8a4484e3254,True,2,2946833
10,d008a575a7523afe33106fe6c4b2cd65,True,2,2115817
15,b886c40a5cead7d03fca1e16a7c49841,True,2,2860327
9,36c7c95137263fd6fcc529699e5fc7bb,True,2,2420000
0,049ddec594a8bf9db2fbf12b674e310c,True,2,1694906
4,70ada2e9515d47a10ea2c120cfc960a7,True,2,2566234
1,81944184aa0ce633a7336c9c884070d6,True,2,2157641
7,e5a2853e7474d0af1eade1731c3be8e7,True,2,3007832
13,afe30662ca9fe195ddb9b349e06c229f,True,2,3321872
2,2db781df48cab88799c43c4b23819f13,True,2,3173015
6,437df8b3e09d6314fcc4912793f5d69c,True,2,2662867
3,e4476d7a3a478d276f7d0843e8813da5,True,2,3003120
9,8b2c9fa9637fdbdf28633e2a848b0777,True,2,1903270
12,8850ac109cce8667b5adc48d4b6e537b,True,2,3057405
11,b87633011354dbe3490dc332ff58a5e6,True,2,2200295
14,96d5146eba942ae317f16497549e37c8,True,2,3528999
8,bbe34413118db87428a353957de248a2,True,2,2748008
10,618fb3d49329329788b1dce042ba4c9b,True,2,3141760
5,4a792ebd71f9985c9a7743fb6b2a9962,True,2,3937168
15,c6e1d24d0a71a635d5a58cb55ee9c78b,True,2,2637991
1,d98713277873c363e8b99dc72bddfa32,True,2,2616006
4,00ef4227f1c4fcb909fdf71b582ac9e5,True,2,3111479
3,86f8210d937b257e9d96c838995c47bf,True,2,1604226
6,ae66c5286691fd982a6193a7d8e57d03,True,2,2537024
0,7890e6621b762774a05db0b8978a2c6d,True,2,1934091
2,b5a8887e6ac5416a2c5e4234c3bff8e6,True,2,2088815
13,2d0f098f2664f908cb07940999be8549,True,2,3280419
12,2171829bda8706d65771679317aa2ca5,True,2,2414573
7,a369da647e21efe0941918a93c1e7383,True,2,3305062
11,9a01a954dda876407c43a46d76dd10ab,True,2,2949646
10,c1ac9ff0af3f8b6eafee7c57797ae2f0,True,2,1657639
8,6da66ace1ef1e7725ae46e9ffa970a04,True,2,2871324
14,689a7568ae0b407e6c4cffec98d711a9,True,2,2538853
9,d1257b1d4ff2721280583ccf2b00510b,True,2,2582665
4,ea6b109496e45a02ea439ea1156ac919,True,2,2660279
1,43f90a3db89f8d23074452a5004a01c9,True,2,2525859
15,4c2302455feb17d9b831410c982dbb5d,True,2,3161710
0,691fa1d36c8b54190fb8648c15cc2020,True,2,3250072
3,a091855404353bb97a4e046fa909614a,True,2,2311476
13,7a63927cdcd41f492f3713419fa640e5,True,2,1947600
6,7ef6f50c4a59cc9c47fe51b3a92df2fd,True,2,3562857
5,d4a2b58071e75d3004876a6552355579,True,2,3422307
7,43f3935cf88236a3e9bdfc47fbb2c4b1,True,2,3044210
8,2bdfe3ff3c55352ad4abba445321053b,True,2,2909260
2,54c1de8099d1c37b84549c9bacfda4af,True,2,2066150
9,e29a6a94612eecd195cf8388e67cefbd,True,2,3130360
4,cd813329eb38867a4b85e8b22c788fb8,True,2,3249070
14,89ff6a2dc139e66a7b82577b79ae8335,True,2,2556766
11,7a6d130f983b69c9e2fbac7863d1b0bc,True,2,2896152
1,da168525fdc8eb9fdc4327438a9e6ce8,True,2,3324913
0,b7fcaa5d0e48d88b8bffaf7bf019bf59,True,2,1704539
12,08598f6fe57237063b8f586187e51407,True,2,2370668
15,95d5f43e3d030b490a077a6183cf2d41,True,2,2468230
10,a7c82646228b6fc4001ba7ec0ce22852,True,2,4158121
13,db8cb5ac99d2702c5eadaa26a7c08437,True,2,2224195
7,3491fb1b3015061527bf8b5f99215b13,True,2,2808293
5,fceb9d161ae44669c878b1a88c48b3fd,True,2,3110655
8,c6adf7cd725b6adc4101d0301b4c9b6f,True,2,3478128
3,0e4054f53be07fdab7d1674b81ec2b06,True,2,4026524
11,2963f0f29e54b4b40da35a77323a361e,True,2,3169116
2,306847c4ed9a1265531722b71c5b312a,True,2,2489623
6,0f81a7b6b7e4dda8f74d4ed82e9078fb,True,2,2876000
1,8eb65b62c1b78879831ac27cb627e5fa,True,2,2293550
4,65a85af8114b249821d05fa724a32b17,True,2,4484280
15,242a3367b4a1e7f581af51036a025b0f,True,2,3255722
12,85219f44653327a88b969f120f76fc28,True,2,3121757
9,a2e522f433c83f3c52e576ba4fb518b4,True,2,2313269
0,43d973895b0cbc934ba21bd6ad384674,True,2,4035543
8,b422ce6308b88c7e86efe997831f9e97,True,2,2070593
14,7f27cde5bc4e8ef63b515cf4c297240a,True,2,2890347
13,71a9819cf2bddabce4425808c02c8c7d,True,2,2812363
11,3a3eda5b4547eef61d3760625f56fb49,True,2,2454222
5,c3b03ad7fd85f12a3be283c2d87dca08,True,2,1940456
2,c2194431be58a18fe7a761a5c3e96c83,True,2,2343426
7,0d38008820f6ce64ea16e5ec0d06c499,True,2,2258336
3,323864062c273f97a9d41d1c74e210d3,True,2,3817972
10,d1f6238308420f8064ea1ba17bf4e583,True,2,3805823
6,3f4af4b2cdc3112ffad0ea21babbeb49,True,2,4308354
9,c21ca169d4be5d1a941c99803658402e,True,2,2927892
4,7ad0816abd8e4be13be46d293592dd64,True,2,2903703
13,4e160b72022dc484fc026f4971ed31db,True,2,1783103
8,64529046a3d90a44ebb7cc277fac0d86,True,2,2244633
2,659ce726705776f8169a06fbf09c80c9,True,2,2206806
0,56ac159d21f57624c8e58318621a81a0,True,2,3494283
14,3999da8efb7de7dca31a198fb3531512,True,2,1910300
1,dda16fbf47cb698e9121f4a130484011,True,2,3495971
11,5528ea559d9c15e6b590a7a0e5fe61a1,True,2,2852451
15,738c9ae3a8329c11fc55c6fdf354312b,True,2,4009864
12,5279fceafd45f8e46e47a0d59fe9ff54,True,2,3830243
7,c5257d9073c1c1fda3b214a26cafd17c,True,2,2591839
3,ff04517a0f9472805a3d3e84c5d3fa90,True,2,2856479
10,be36685ae5c0cbfa1fc27cde36ad8a82,True,2,1994219
4,b9b133d6b7f25b311917079a0fcaa093,True,2,2353576
5,44422e19f47a7ab7d02c976f853f0252,True,2,5405395
1,69f247be2695b9ff7456317e76a003a5,True,2,1722764
6,52cd94df63f93c1fbc558f14219a6699,True,2,3494145
0,f1b05a4373341e514cceadb8544d99d5,True,2,2752377
2,e73ef3655af9a027b6f76b282b1dafa1,True,2,2709332
8,87786c53e94fe741b0f720b300f18b3a,True,2,2604727
12,509b15544aedc410bb7b0d2d577e6311,True,2,1862444
9,6b9062a51c8c4ba2046b84ab4754631d,True,2,3726074
3,73aec66ef6176e071f6f2fe46f70ae39,True,2,2274042
11,5d80e06128d0dbd2c9888bc30294f8dd,True,2,2950384
7,5138e1334ed47800ce3389dd5bff6b71,True,2,2549283
15,115450eeccb218ea5ada5e7e2d024c73,True,2,2673544
13,231f9c56ce0a5e7ca80f705e9ea031a5,True,2,3194307
14,42cf57d7f4601b18150ec6b5cb7df27f,True,2,2196491
10,da00bf1ea7c3db5c3d5c34d5ea383158,True,2,3023975
4,0f277b7fa8993dd4c2969c01ee5af301,True,2,2638770
3,575ae6cc4374ffebbdc0b0c1469dc501,True,2,1738749
6,284072a1b94ba1a2b7bf8dd42ed8e151,True,2,2060523
7,92b1b4a42a6b293f4908e6b70eb00720,True,2,1726953
9,69964da4c86a07d5f4d7971939065066,True,2,2555404
2,70e45f39ad8afb523f8b05bd8e591ef5,True,2,2705752
4,11913a18ddffdd446b00306b31b4485a,True,2,1672384
12,d7a928014f47ee6325d06ab32f73471d,True,2,2427777
1,4e6c21a2c42ee76f9ef00655c61824cd,True,2,3769921
0,ebac33ede4537564a0e9b2b597be47b4,True,2,2072638
15,68747e37343d8eb4d0af8e291cdb6645,True,2,1751757
13,cae52f643f32c2b2fc37d61906d3c403,True,2,2749280
8,1665e959feae1afaf475e1c5accb467c,True,2,2869906
10,c929c92c2a03de03afa66c3b2d3ed09b,True,2,2722065
5,5c7083857068bb4ee01ccbcce1b2adf9,True,2,3832331
3,f0a080c73d895b4a05bab4bec2e5e0ab,True,2,2091561
14,12dfdd6443ca87b452f6e74ddf2f9dd6,True,2,3219232
11,0eaf7f13d7acae2e3cc8687dffb3e72c,True,2,4430627
7,58e2b369d9fe5895f95db553da8858ba,True,2,3711344
4,44fd9613936af9b54291b92563fe9f18,True,2,2554575
6,85acc7b139de33ab117bef6ab9bde367,True,2,3109268
9,f130946062fd12f77893fbe7e0d6e156,True,2,2968349
0,0ae626a721a8b08df4ce6256605569b7,True,2,3745448
13,256680a13500e6d99b7d3972ed790329,True,2,2878611
10,734bc689d76fb4e93f1b0fa85862b10a,True,2,3041357
12,e7b698b85ece8203a5896211e138d30a,True,2,4577128
5,36e6b1d5c15e1884fd6d71b71362a58d,True,2,1839378
2,38cc5ed03845c3da247d6af93b263baa,True,2,3729766
15,b569f3e1a420cd1b91d0fa6e92338b7f,True,2,3356776
8,d2f9e721ebdf7afccaefcb6458caabae,True,2,2360924
3,a835154b47d085e20e1a788a25acd1f8,True,2,2430112
11,a3066ff6a4663925de889f0d4f15ec93,True,2,2796559
1,e28ebd7aa0715fc691596dcd6604d3c1,True,2,3518086
4,fa9e6fd476479042fbff32db586f2ca0,True,2,2671596
14,0b2f82b44f95718cafd320cf99477290,True,2,2880521
12,ebde4ecf560290eaec9ae6d72774e302,True,2,1726232
6,802fc6239f2a5a14b2626a90741c6b7a,True,2,3276993
15,db8e375ee35345d9f19bcb26169c154b,True,2,3099380
0,91ba5c50be0fd2e4c32a7031114ebacd,True,2,4189409
7,8b2e1c7d135208707ab8a59b528ba7a6,True,2,3872286
10,82b9cc64bb49d2019bcefd408c109919,True,2,2172527
2,567848e49eed5e802336a07b226ce195,True,2,3090455
5,523b3a920d562ca1994d385bbee7e920,True,2,3143414
9,37fb574c4174e74bb9db37e2ac8e70a2,True,2,3222491
6,3cf490f2f9eca890727c6d21e5821cb4,True,2,2068962
1,c22448b197a2072b1eb83c0e3ab5e396,True,2,2133260
3,f1f16c7b7dec569ab159725bc0b965a0,True,2,2815380
11,15611d1f3ac7850dbb571785a1294fab,True,2,4389696
8,73758ca7ffbc7b22c1b6a4e6f446dea8,True,2,4907161
13,0eda1d73c5d1d6ed46da4c445a28672c,True,2,5818506
12,14c34af3169d4a0a8899c19c9898661e,True,2,2444660
4,415ee6a6111901ead89feb82bbdfc8ee,True,2,3474349
2,8354ad92c7236542f9dbe383878112a7,True,2,2051552
0,c3cec33082f54f932b6bd7ce9aebf7fa,True,2,3039532
1,003b9446e6d30bc0f08b91e80ce64858,True,2,1721759
10,b2eaf320801df3d0579940b1a7d67e14,True,2,3304682
14,0cc3f462f9a8a5734fd6746a813704bb,True,2,3652521
3,682c5530b84004e8e33abdb3a4267c76,True,2,2201809
7,97296b0330c4b338135b51e8f6f95e97,True,2,3582944
6,67e2938d427343c8e6061a438c69056a,True,2,2003153
11,d684c94616b00e690618173c36e82646,True,2,2001806
15,d6662e1100636b1e45bf19c6210f336d,True,2,2702837
13,b002385c2c48a53fdb61cec8b14ec91f,True,2,2263582
5,d3aa297785e3efcb4115ae8d1ae58df6,True,2,2108769
9,ec2b698edb780f28fded4d5e0f6c87de,True,2,3233130
12,f2e34a8878dbc65be6855a4356b142df,True,2,4484529
4,c4a0eb79d7d76e73a7992fcc3936401b,True,2,3054474
1,d62f13eb7f58f4bc3180002478c2aca3,True,2,2778395
8,e04cad3a9715c9c33cdb61b5df0ece91,True,2,3429283
2,70644b36cfbaac44a1d93df2441edbff,True,2,1802144
0,abb784ba6f0c7d0b3cace4447f64cdac,True,2,4742273
7,d4565b64d349e632267f5d147fbf0385,True,2,2768900
14,e7bc1a7adfb388f8e6fe6606f82d268c,True,2,3328774
10,725532bd279bc4e9a08061d50b3dd038,True,2,1950663
15,d65d72ace08ddeae24b69be555026260,True,2,3149614
11,d95e9129bdcbf2c85b8a7a9953569c71,True,2,3228400
6,84ed7bbbe1d4d3e8411986c4745c6a62,True,2,3954297
3,e9c6fe86ba0e449a4f4ba05b6df2d043,True,2,1997183
5,9cff5e8cd5a6a791e0f22c4d7201b89d,True,2,2786639
4,4610c2ff63b83462aa219e4b271e1eb2,True,2,2723712
9,e72bf02a6b94f28ae4f6f285bea09066,True,2,3546042
13,6a6796fb120f38a629a3c770245c458c,True,2,4160280
1,0f0e38a523c0319b6fd208d309af94f9,True,2,2506718
8,e59452edcb4e366348276a5d4063fb37,True,2,2540030
14,00978957ba6fbf66db0fa505364ba691,True,2,2365664
12,939ba70c4f2cd4bbcdb0b94a65e58670,True,2,3070709
15,e8414a98e309fe05b8939e9be4743f58,True,2,2917102
2,5c1ce7c3c2fdef88764448f41e6dde68,True,2,2587681
10,5d54dc6d64a9689da3794ad21b3adf6f,True,2,1568061
0,8aafc60fe0b7230ff01aa7c6e67f8b40,True,2,3192804
7,d46e1ae912bf38d621f2d14f57c53924,True,2,2274507
6,0fc710124a723dc90c7ae066537bcfc6,True,2,2010170
11,c14bd27fa17154edc21dcfd665b9ad5e,True,2,2414580
3,3ebc4addcbc7ca0604b6e9c8ccfb0980,True,2,2341644
4,9e19f935e9a769477ad146de87993d26,True,2,2212202
5,8505da20d2acf8d77719e2c883e8d483,True,2,2720671
8,e5d38c5ea5942855dc3b271c19504dc5,True,2,2082412
1,b865f5df414ea051460b9f08395207b0,True,2,2830649
9,8c1543e8a9debbbaa40d9ebfd25545b9,True,2,2028018
14,edc6f4b8e037823d2f6f5e6361308bcb,True,2,2004118
2,39d190dc58e744452c42218c5a0c45d9,True,2,2080994
13,4e5261374077f57b20756a5ec905b3ad,True,2,3384925
4,1fbbb72853651461752247d64fa4d634,True,2,2467001
15,c4f7ed94c7f83e95429475b796eeef4d,True,2,4022322
7,879acdb3ce676aedd553d89b17c37f90,True,2,1880700
3,744f1b3bab47088e0f7f49324d814e82,True,2,2085113
10,c45dda414ced05cead3456a3632a7455,True,2,3281745
11,30b60133630d74f3f03e81e5ce5fd797,True,2,3303174
5,a18fed107f6423c96edce8fe0aa8f80c,True,2,2768826
12,617cc188c3b89bc625aafe0baa858666,True,2,4323953
8,f8173a75c3fae0e18845dcbd2cfb1c4f,True,2,2061614
0,45fce0137cc48b536a1a117800d82436,True,2,1758954
6,ed110728eb8475b5fc343ea7c561e449,True,2,3679571
2,f9655adfcc4271747117bffd5fb1cef8,True,2,1252312
13,f104366ac7c5ece1773e307357dc344e,True,2,2021986
14,71a4b745eea962f5b1b8b72b4c0b0aff,True,2,2863419
1,84a5473aeb46b54080b84df0d4ebedf4,True,2,3337564
9,69adc82c76b6452256ddead86ec27e79,True,2,4215537
3,b718b2ba2bc9bcb9a6fe4039bb6cacfd,True,2,3148480
4,10e7357da8b6b84fc1c618ead9bcf309,True,2,2720907
15,2ac05b6bd94366b005ee30308f4be9f5,True,2,3037964
10,1f7588caee7f471c827a7bc8b0d2c4a6,True,2,4011303
0,ed35f540902883d806371bc07e663c40,True,2,2766503
5,c118cb6fa2707dc4ab74e0afa8673311,True,2,2995553
12,d9518347fadc4af7c3c3343609bb4aba,True,2,4108532
7,eaf16aea141ab97b7a6b8d054aa4872a,True,2,4998422
8,ec5f7bb007f4d8b96b3c573f115dec7d,True,2,3841953
6,42a1834133b2e1b9a1d1ebba362257a2,True,2,2805487
14,b581c6c440fedc69787b3ae3c38c3606,True,2,2666295
2,14a3d50672589977525cf5d11abbd56f,True,2,3994944
9,e46a0c9406652949a38fd4aa30a452aa,True,2,3700594
1,741f7b39fa72725d455d827e49500839,True,2,2483067
11,212671ae3bd6a9a6648c1afe1603439c,True,2,5430629
3,54f73048956dbebd719081e97ef3e385,True,2,3420399
4,d303c6e70582133c9b5b538510c3b9d7,True,2,2561844
13,6cc08ba3842294c08a65e0202d076cbb,True,2,2919406
7,a417663c5b925dc534c7a38506713d6b,True,2,2141199
10,bac9d79fb38a62874b1bbdb76eb29562,True,2,2906691
15,0e6a20c453975e4d77d9823472e4a6c1,True,2,2652652
2,cb1165a152818f5d4cd56510ce1b3132,True,2,2043305
14,61c006e24c5e2d271e6fc5e5639d642e,True,2,3633823
3,32a4fdfd7212f211f5efe586d60e1783,True,2,3092929
0,d5ea54f08a4215e29311bf4d0efcf160,True,2,4705381
1,f84204b22b9c0b27ccd85cc15224e031,True,2,2700462
13,614078819dd12741ed8f5aa88accba87,True,2,1720173
8,07238c9f5ecd4a7cc4a397430dd369f5,True,2,2958577
5,365d8890549c170998d4229667990a27,True,2,4968144
6,33dd56b09ff570b7977eec2248333ac7,True,2,4522263
7,9b423695b2909772c779ea85a54bd07e,True,2,2215815
10,8b3d9f23f7840e1403591957a607e2a5,True,2,2724952
9,5ca2c40790404160e23662dc9cc2cbbe,True,2,2915824
11,e51ed70d4ba70d337bf6eb6407163e44,True,2,4767321
12,12a560955ac0df16e8fcd2ae3d8e9996,True,2,3726204
2,39f632e35141e655ff81aac5b3010e3b,True,2,1999142
15,6bcfba3707a9a3cf5b7734e1bdbc9dca,True,2,3757399
4,cf931e75d1ce47cd152c72e212309cae,True,2,4090343
8,a5780456412300c8bc2b40a02f57664f,True,2,2398889
14,e644a112fc6de206370a9b7b4deaabec,True,2,2734527
0,2ee19aab1c1f24bc744711b6fffef5b9,True,2,2632172
13,88e2095dd43db8b3a8ec708615187f79,True,2,2223580
1,a6a80fb7bdce1e72891a3a5b730c9de3,True,2,3928665
5,8b35b4944bd9bb5641db885bb91b0a0c,True,2,2726194
11,6bd8f82116737acc3c0cc777e391d99f,True,2,3083724
10,2712cbdcfb0bf26a57275babba430171,True,2,4100334
6,8603d30c4bad913881c8fc6e24842738,True,2,1809535
2,53e0a92ec78874f62428f68b0216cdea,True,2,2030009
12,994d969e99e077337f29dc30d2b0b7ff,True,2,2738306
9,cb10e6f88ff8ee25e15209251bbc320b,True,2,3712393
3,ea412d0dd6de72076442b6cf482561b7,True,2,2926014
15,187df3a4d98f8a971d5e2cd114531e14,True,2,2986487
7,a5f2bb57565924f41ed5aa5e9676f446,True,2,4731599
8,9519863dd1bc7227d2d7a943d21ec863,True,2,2588468
13,48ffdca342dbff7d978f7470e514aec0,True,2,2185518
4,b00e552a7431d6860110360c402376bc,True,2,2188468
5,27a6dc0abd46e3e590cb692a616dd177,True,2,2586697
3,8e54ba3073cf253463de93bb248e50c0,True,2,1958414
14,7fe2bd93499dfa1831ab0f8d80dadc77,True,2,3082817
2,f50379ebe94116170a6fe137a2380d85,True,2,2647588
12,655fdff71e656c4f1078537b4c78b07c,True,2,3646482
9,c069214edb357d5f21b4d5eff5b81000,True,2,2973233
1,ebe1516031b84b06506d8801b9d41d66,True,2,2707048
0,8ce736d96f7bcbe0065e00469d71e602,True,2,3428503
11,f709b33b823c623789195f8e2101dba5,True,2,2583047
7,a530aa66fff22e7d2dd96f8aea3fc5ed,True,2,2857790
13,f09a48f8d639b89a5c07a4ae162723b9,True,2,2499273
15,df379bbd3fff2e3b763ff80da4b5cf08,True,2,2947974
10,bb8561abff4758918ab75f94a6d92f79,True,2,2942954
8,fb66171f6fa8b84d105d935cff5f138a,True,2,3012647
4,19cc2c08b36a4ac5b938cb1d70c52b2d,True,2,3273792
5,049f1a0c60cc3d7b66cd46f127f7323c,True,2,2265643
6,36d8368375e79fc987cb31b057535247,True,2,3618725
0,990eb01ca147313fd321756730ce2252,True,2,2748391
7,ae8dade73afc7cfd474a960660c7e729,True,2,2924161
2,4665a07c417708779dbf64e499bc066f,True,2,3148711
15,b164d4c5eb512381485973b038beb558,True,2,2501697
4,1a2c1b35736a4851e236b8da28ab2f24,True,2,2267515
12,e7bcb9441f9230302b4f922c228d86e6,True,2,3398602
8,d63296dbaf0ae3c3ae5dee6356ff6fb3,True,2,1963342
1,787a9322d36262730a07b569abf8d44c,True,2,2526928
10,1273d5cd28a6ee500f58ff74fa568180,True,2,3775714
9,66fef3542c1e426e58f1c13c6528c14e,True,2,4920852
11,556d3af43f0e73c508afd8f77c94efb4,True,2,4193824
14,b9a435ac1499d43a07ff195596246506,True,2,4719033
13,76af14caceab5b49ed500d371d2634ac,True,2,3408466
6,2783f243e8e051c93cc9dd56bb071718,True,2,3012051
0,17ffaf0e644735d0da3d6a8f85b3b2e4,True,2,2456478
3,4f5d85d97e877cd4d771ab5e231dc7bf,True,2,7347287
2,9ec9b0f75b8286519e49ea681114010c,True,2,2380212
4,21c11342c6ae643a5180ff0e0a7b1b6a,True,2,2633291
7,87e0982c57b36d8767e92736cf734cc6,True,2,2799362
5,f3aec8bd77401e1eea6bfc1acc9e6b84,True,2,3324878
12,fb431904c9b95831c1fa91a8e44dd71b,True,2,3304320
14,97b90bced3757981735890b97f6fed97,True,2,2494143
1,9d9b6e1c3d5182591896867fc8ea53f0,True,2,2868894
10,1cfaa3248284cf7f7f80918fe8c0146f,True,2,3026483
11,9dfa090bad306bf1249a8743fe5b21e9,True,2,2810338
15,4245a031b25641619116b9898f0ef9ce,True,2,2848937
0,2dce41d2ae1dba091d3827e931aa2bea,True,2,2499764
3,65c81e54a6504cc75a9462b54d3b7cf7,True,2,2091682
8,44f72440bba4123ef6ca687f7f0357c9,True,2,3836559
6,496a32d9b4cc948748c8efa207b1a4da,True,2,2972245
9,0272be87bc16ba215f56e594c3fc041a,True,2,4042532
2,a5c46cd79d368839a09948f05170f1d8,True,2,3001054
5,127d48b7f809786ff5973f72d84135ec,True,2,3149335
4,731019c2e141c064531e32c65b05a5ce,True,2,2700642
7,81d5cabe79bdf45c404e0dfec46cd2cb,True,2,3995307
14,ae66e34f57e1b2a929b5ed10e1ba852f,True,2,3107091
12,50ddd9ba2fdd72dc23d77f11fa13c0d1,True,2,3023912
13,666348c53aa6f2019146747feb238227,True,2,3937993
10,e3e7b5bf13b1381733dd82409922321f,True,2,2549704
11,02aa1a4593df41abe3daee7dfe074f0f,True,2,3151924
9,1d027eb8c191426c0d44a404f136d61d,True,2,1647880
0,a18fa83a62f97d46aa3d8680bd0bb6f3,True,2,3660173
8,1a7ce36e94576df4fbb4e754c780a10f,True,2,3047699
1,544eb7dff68d23b7fc73726cc89e80e3,True,2,3197451
6,11de3674f81f9a7b61101a082ca0ac95,True,2,1662430
3,79a1438ea54575d77d871bb68f4dd3a2,True,2,3001232
2,90f676bc9880d9a187dc041f62a44018,True,2,2420505
15,aad0e4c57016aabbd7da3b5568fb41a5,True,2,3024811
4,7e1f1fbdce76291a9327cb48ea5ddc58,True,2,2543199
10,3be7a4809868ab1862573f160e3d7999,True,2,2167801
1,98b71ab168b51414bba8ace73e9fbc7f,True,2,2730537
0,b6af4cb7e479302c0f02184677c083e6,True,2,2181757
14,710054c08bd632d3647f94bc7fe8491e,True,2,1350906
6,415ce29046266cd97110129a6f8b3b18,True,2,2043548
5,3680d7ba688ba660a273e74added0818,True,2,1691726
12,8027fe0ebc64159c507298349b30bf06,True,2,3005633
7,458806cfa956b5dcedec3c26cf4a1732,True,2,2829896
11,1116e93d67274aad6266ae07f7dece45,True,2,2828910
13,7a008bd89e903a63df55f8ed5749b9cf,True,2,3183597
2,b332e1d5dd003b542ff898bb6c3ceeb7,True,2,2060274
9,f164f533f88a48174964176f15702d2b,True,2,2600531
8,4f1d5bbde54b242aa3395f406a1e87aa,True,2,4216100
4,e222a159b9b74273acee0c5e7853ec65,True,2,3903732
6,4926de51a927dd4779640f33a1ae8dc1,True,2,2115972
10,3a2645b2518f7ad5b0468e381eeccaf4,True,2,3833246
15,56936e39e260922fd5fb34fc5f35ad1f,True,2,2837899
5,1dde1a7cbf7c67721e15f27f0e63719c,True,2,2994515
0,161f109692e0e0508aebde404915051e,True,2,3219427
3,428238e6113cb2c6ac409a209021689a,True,2,4152880
14,caf8b25f14652d671cf18c06aaa8ea35,True,2,3499457
11,42f0dbec6e0e8ac021703069279af31d,True,2,3169240
2,480d174bb9b5f0a8cd85d33fa0b8ab82,True,2,3280170
1,c5b88a0d08ef43ec1e276aae910c9847,True,2,2266605
9,538dcb8077ff1c3ac9dc128fae896efa,True,2,1933722
12,d54bd2a8b179334dacf0c1f2c97540a4,True,2,4171024
13,c3d3f515e924cfbe2841012e99faffe8,True,2,2918272
6,327314d2cb4b98a815a63a15bb1c36f1,True,2,1949276
7,fbadcbe87139e3d518694f36a4dbc8b5,True,2,6412805
8,0b8f18f6a00abc6fb2e2bd7afe8c1788,True,2,3462239
10,1c2b99d132d4b5c0ddd1f0c116934180,True,2,2883445
5,0f6a7593516541def21004a81b672da5,True,2,2511294
1,b758aa5ff4e4fa9f7dcec9988739f705,True,2,1345198
4,5a30c23d74238098d1260c96559d226e,True,2,2817971
11,6324bc8e32a011d553739ff1a64bc2c7,True,2,2391168
2,605bf2861f8e018c49b17f24ec0f6f2e,True,2,3035831
9,7177cefd8f895785202efcd1308254cd,True,2,1568479
3,9fc6da464585d31e6bc1e2dceaf6e7dd,True,2,2346777
0,6deb48c6b9ab2625973f35d302014f2e,True,2,3049050
12,20fe5c8f31d2d1a535379dacc0b5e698,True,2,3859908
14,174ed59b176231d8a3cbe2800322b57f,True,2,2515202
13,6ee1dde39f61430f4f77ca91c0ffea94,True,2,1971507
15,e9a135b49a564e8d04efadd259e8aa62,True,2,2381203
6,9eb85fe0d80449dccd5b0796df859f10,True,2,4114272
8,ee0e55c6c492c73143e4db82d5b4de3d,True,2,2988987
7,b3f12fb0436b27c20410acf49a492c0c,True,2,2887752
5,2f29841ae43f707d577a48743d93055a,True,2,2499370
12,aa8454edee65e24a0a655d5792ac2ffe,True,2,1579466
1,ea01d810bf99ed46f3783f4d012a1fc5,True,2,2417262
11,c21554287f6ce8bc576826fac1ca967e,True,2,2456040
10,11f405dc044714d2c88b4439140cbbae,True,2,2192087
0,0f33bfa2fbda9027e36c4c6716d9b619,True,2,2170197
9,e0984f1194dd1a0f490e492a6bc95d35,True,2,2943774
4,884a3cb8549aa31843f069880172e9ac,True,2,2901782
13,f5566a68b803ca78f196b6479360ec08,True,2,2209562
15,4a541de5133f1ba8301d26fcc9c985dd,True,2,2504306
3,86b1e4a9941fabc97476445d07094ba9,True,2,2601867
6,efc3dc054d7b5bd5efba3351dd58eb57,True,2,2121206
8,a097bac37b0ed97c52b6ac66e7dd295e,True,2,2099980
14,3550de5a8d804d878c84fa60ed950047,True,2,3100566
7,051632669c41c77395cc993cbe92aab4,True,2,3050839
2,8a4ddd5283fd31e79828588b1b24d544,True,2,5516148
5,69cd61d8c8184880f6d5d067781957d2,True,2,3196651
11,1b6a0deae8b50d0d1b8bf24ccb21480d,True,2,3305355
3,92c25e051b02a11188e16edd9249a2a3,True,2,2207964
0,69dc12d84f1f415a62d77b83878b9643,True,2,2604896
12,fda313d052c6882736ea8539c5a95fa9,True,2,1750078
4,f6ace4a9d2828f2ed10dfa6462e8de5f,True,2,2681636
9,a5f62944e15c9309a71e699d9b7f9bc4,True,2,2640927
10,e38df710dacac4e233b4768eb1235e2b,True,2,3298395
1,65df62802d89c3c4dd455c405261393b,True,2,3942815
15,cc1a4c2bc56c79fdbad86fcad3316822,True,2,3935111
13,c552f135e731d509c53b81bef597be5f,True,2,3221672
6,1d4d1ee8a7189d6a6d6ca6a79b682e51,True,2,2920354
8,3371cee2f64ca9743fdbc27010a44b37,True,2,2819359
7,5b01187b6b7a8f95e164bfaa28380aec,True,2,2145215
0,25dcb78f6f2fba8c3ce0f5a3b906f7f1,True,2,1448346
2,ff3a5c59f594a77c271b7ddac0b4222f,True,2,3667498
11,57da804b6ac60cd5951f283e85bd0527,True,2,3235528
3,e68273c3ea7392d35f569d136d6b9cff,True,2,3031872
14,98b6b93ab018959951dd7756114fcb16,True,2,3807456
1,5d1887c05ddd6a4d04af424afa79fa38,True,2,1768047
9,964160d81b53fbbda1f700e34bd5c1e7,True,2,2781646
12,0444685a5e02147f3eb4853efe123c63,True,2,3383096
5,1431a3c74f09a18a6434b0917aa6f720,True,2,3285919
4,87b93d08e34e20781dc1ba25f73c90f4,True,2,4500630
15,64808bc9dc87c7feb66f4f42fec24a65,True,2,3152597
10,f3d325a3fc064e9e56f5f37ee4769686,True,2,2865714
8,2df6333cab937f97a8ae4bcee4c1666e,True,2,3579581
0,6d78cedae3bf697972acee40d808c335,True,2,2489499
6,311924269e3f14b5a9885b49cc2e630d,True,2,4699722
7,48769e1a98789b02714fbc1d98b419d9,True,2,2834717
13,c872f8d4c2945ffda7e8ae793fa70368,True,2,2749524
2,b4093f1ccf17873b452e401db60a472d,True,2,1725140
4,d17df4a738a4033f41de3afccea91b86,True,2,2666920
14,88690727512f6b9722bbae2b3643299c,True,2,3438487
3,ea1d0463b985991d2076a4745c60d337,True,2,4049691
11,91857a576554c7ca3d27ae05343ae1f7,True,2,3726000
9,4fb6186314e0ef1052429ad63115928d,True,2,1978217
1,4288535007e3e921df3d906b3bbbc76a,True,2,2967884
5,01d98614807458a6bf9e299a7f8b6e9c,True,2,2832374
12,ddcdadac1672d3a542e5c39e28fc0391,True,2,2467296
8,f726182d02008426735f0c836e5bc37f,True,2,2617436
10,28bf5f570d6a06afa4557781fb34a469,True,2,2608981
15,5f00cc86a0919c9802b392f5eb25343d,True,2,2603431
7,0d901dc4d1748934d3c3c657b2e41e50,True,2,2227853
6,7b0ff3e72e908b00df670ae11c3ca6d5,True,2,2982950
0,6030ee6093e6963a40ef9788395994f1,True,2,3925529
4,44653b64ef9c9adac94a76c0ae692c76,True,2,3187957
2,f3e8e15ef11652d03c5327a0c2e69a10,True,2,2575162
14,bd63f29ed1e0580d90f0ffda2c32c78f,True,2,2858542
3,660f1debebcb6bb8adb7644e35afa841,True,2,2041902
13,8a523fa1ed7a037414cfa161a7c8d8e6,True,2,2372062
12,c23c7578403123eae4da38c876dd4845,True,2,2684686
5,a68abbf47a40dc29a0fd19b291ec772e,True,2,2169632
10,2c3747d1c023d29adf75601891ea8705,True,2,2053629
1,b8082ad5af3932b2e9e8d71c0bcb20b9,True,2,2459531
8,38ef5fbae2b85d8f3d4a5a156b32479f,True,2,3634161
9,e82b18e716cdad4a350dddcccf3ff3fb,True,2,4519347
11,fce3b013f677783e96e9be4e3ce5c766,True,2,2780777
0,c9de1a8132585d227e08a921e09fc3d0,True,2,2158121
13,6b2fa0fb39a9f2be5a274f6875f654d6,True,2,2628381
7,97031e0cfa942b2729274a786760e4b8,True,2,3798005
12,abcb52246aed06531a1b3d6a79f74f7e,True,2,3083697
6,0925e616d37859566174aa902f3561cb,True,2,2713701
14,ca805433044393738de26141f872110e,True,2,4077823
5,b45362fd8000bed3778e788c8f5d6998,True,2,3132351
3,68da24211f3eba859bc53b0d17f7f2cd,True,2,3017421
2,19b2e111229850419c7950179cf62e32,True,2,3268110
10,6619fb29b62a26702b567265594356fc,True,2,1837689
4,2f641efbfd4039d746c14d9073ebe767,True,2,5047093
15,f88b8647d22f9913aa68af30b2a8e045,True,2,5662647
1,3c4503a120dd22cf41d2f03ffadb07ae,True,2,3234222
9,e82be53d31851401ae01f47622e6bb46,True,2,4038235
11,d6515bff93f4e1fc15ed41a1c843026d,True,2,6157131
14,b51bb07353681c0f6ef64227db10530a,True,2,2459000
6,910f231f7c61bc8acf5bea37a3bc77e0,True,2,2288829
0,81379dd060f60ff0e4b50bb574a6a8f5,True,2,3444524
7,141ad50ef1b9de0782510c29c0a7e9a9,True,2,3597916
13,7662b4706548278ea3f744efcb7ed2c9,True,2,2942190
15,5a4d8856da49acc3db09d72dc2f4c0ee,True,2,3122776
12,b32cfacb46924551587b7130c681453b,True,2,3668370
10,fc4a999ebb8959200950264b569f2bf0,True,2,3547051
8,621e8babe74e9105b21285fa08681f39,True,2,6706306
3,4ec17cae432d560d18e47cbd4212a9d8,True,2,2966332
1,661d659ab5765f182169e1257b8daf96,True,2,2058031
4,4f8b44dc791a8af1c5f881754208772a,True,2,2650821
5,1bac941e8358cb16f26b488c423c20eb,True,2,5301714
11,679f59acc4b79e88cac9e9ef7124d414,True,2,2334607
14,373e178c5a7cf94986845829665d8248,True,2,2360882
2,dd07b21299f97cfff53d97e4220c090a,True,2,3254244
0,df08ebd841b2f651836b0d5dc4c5ef8b,True,2,3292433
6,964c4b8b3be6cc6e372b3cb1ccdf516d,True,2,3197899
12,5640d6383d8877dc29a61e722de65214,True,2,2580658
9,e6e881f666dbcbe8484aa07232d456f6,True,2,3301538
7,506cd5bcc9e58e12e79ddcaa95fe1e60,True,2,1536039
10,e958047a93c1ab7889009454456cf8cc,True,2,2441091
13,b1946c51db9e88f3780846719faa3766,True,2,2183455
1,819c7af88f9405bb77629f445b3ea3bb,True,2,1722107
8,60c3bfdae56ecdb497a0a428e188fbd4,True,2,2753040
11,4e8573081c907aa036431d01b403421c,True,2,1744795
3,c7ffb904caa275dcc885371369495a84,True,2,3379468
15,def6db2269ac8dcd71680e0215676404,True,2,3706576
2,f1a155afb5832a7207473a9696d1cbf1,True,2,3591389
12,0ca3c0a5177c00a6e6ebb75f608fea11,True,2,2293897
4,1f5f17258948def13e2a156ef4f908f2,True,2,2245133
0,d5dc82de66d761c6dacb4b6f1ac8da49,True,2,3414418
5,de89f634dcb61a98c5771327a753df9d,True,2,3752416
14,a5d34529e4fbaf5c97b618c8d0ddb28b,True,2,3970769
6,d1c8d0439d8eb2180d6ff7a6f27c0e00,True,2,2489164
9,f69ebf7da13e591e9a7165c7ef22ee68,True,2,2206359
1,ed2218c6208e168630abda33a742620d,True,2,2836077
10,04cbf89bcf24d64a25f31bd0ddf05d41,True,2,2690874
13,f81bbbea414a0d69e5b981b3262e6715,True,2,2883857
3,e4f828e0c29d70d3ba5061e3afe29d76,True,2,1664647
15,1e53bb7a2dba29bca4ffe1b841af2aa7,True,2,2161981
8,d4a4961bc47714092ce08d3223c73dc5,True,2,2598535
11,5468666e891d38058827165090ecf771,True,2,4508277
7,fd948f9ae9086543d1c227a8b5a85d75,True,2,3619135
2,e2a5476c32c2c9f1e13040233d007540,True,2,2307540
12,8efe9c84ce746a05b8a3a869e980550b,True,2,2792061
4,0fb1ff6471cd183ee8ad4d75565bb4bb,True,2,2703061
6,508161901a909e23267538961359bb55,True,2,2759135
0,c554c1a0dc7b002d76d85286fb5afcc0,True,2,2698684
3,3f25960e0cd34f7b7cf24a106babbab0,True,2,2024411
1,ebe75a6ebaced4139f75116f3cfdff62,True,2,2365623
5,f4c78a380605a95b58d098580cc1f441,True,2,3720070
13,9920a2d38c955471d575b6d7ba399d99,True,2,2015495
10,ecc6d21e29768a3a88e6a094da0e9b24,True,2,2627252
15,62031b39c4b958e1db529039040f2600,True,2,3744684
14,98fae448d248f648165ba56c7d70b3f2,True,2,3871404
8,dfaf4c124073879daa289e866b63cb26,True,2,2832131
7,396222fd9b6b6e21200cf3d184b463c7,True,2,2200252
11,abe479f2ca75927f86f60ad66fa32734,True,2,2608106
2,9a1145734a97165a5bc1bc99f6c72e00,True,2,1842193
9,e54a26102e6ecba8f3192d331a6acc24,True,2,5211358
4,6cc4544c58ee9c2e66df39b991bec60a,True,2,2676682
15,3d8103bf3b887546a16919bff728a624,True,2,2097431
6,5735f8cda20add17541055533ab96120,True,2,3133690
10,dd3e857221bd0c01cbe442bb5bb51645,True,2,2460883
1,44d249f5d8c8dafa3b6beb23a51599b4,True,2,1631064
14,35e42a0e08f6c099902112a49af8423a,True,2,1258207
0,14047ccd0f4e77246fa909cb42f98387,True,2,2893959
5,31ae1cb16c29998acfcaf4732f2ecd15,True,2,2759699
12,75fc5c86a56b37f1bcabdea320b471ce,True,2,5541525
8,1681de4d105a9f6ccfc60628d039cf93,True,2,1975686
3,ce706728c6a4c3fe58f9a007036873d6,True,2,2731795
9,51ba88f4978ca88f4a70a70bfefa2321,True,2,1623732
13,c0af7b40185370505ea1dd2c2cd9b57c,True,2,3547433
11,58db30fd2b0ca32f279cebdac45c471d,True,2,2568704
7,86a267300ff6e4fcc9a268f4bfd74a7b,True,2,2813447
4,dc923dda87c05bb9bbcb86d813a7f4d1,True,2,2347754
2,faaa441c836e9799b21d9fdd8913e41c,True,2,4086033
6,8b0b61d89505dad92fc2a3ce7184a834,True,2,2992280
3,1189ea311f1103581d3f88bb089a2135,True,2,1928133
8,9683095b53a8bbd961c316d9a362bdad,True,2,2475812
5,2ad1bcd01eaf3b116f81638f468723d2,True,2,3053144
1,156307b1fc2489f32013cb3870e1cc1b,True,2,3697771
11,3cc87f3c969b8550147268765fd7d025,True,2,2328242
7,76b0cc27120491b1e6979a6b76702721,True,2,2547209
10,4107b1096dce7c72cb576a49ece69b08,True,2,3782736
15,f7bcec03dc0a91be9573396ec54ee02e,True,2,4566775
0,b06d06d043a049eec3e9293ca1a16b96,True,2,3116288
14,5ada9fa6da67da0125deea83e3c14e23,True,2,4266896
13,9b8f10125fe9e5782bedfe7f2cc0d591,True,2,2938950
4,d25350d5882dcce4352f463dbcc8b6d3,True,2,2916347
12,8b9e01593031ff6550e113fab8687ff2,True,2,4254310
9,b51f8f6e1af52be86bba596b5ab32cb6,True,2,2556356
8,f08de5388011e48fa31fc419facd6432,True,2,2754946
6,51cb035e86ecc032e39a5882fa2620f9,True,2,2468098
2,5f39fc0f427d5f9a66dd9c995e6db026,True,2,3776627
5,469e98ebb19d065ade3fa88bcfb57326,True,2,2950391
3,1f465fc51982950c2bce51675e5f5bdd,True,2,4832071
7,8784495ac94ccbc4a4613d00b918f953,True,2,2319917
10,50a7c5c47b24b2f665a4c6abdb43faa3,True,2,3247646
1,068972b839dbb6cf243615fa0aecc764,True,2,3386566
11,c1adffa0b470b592551a287479720224,True,2,3576070
9,e43ea51d33a43873d50222cd412d68c2,True,2,2215272
15,8074486f652ce07c02ef9f7e3efb5e89,True,2,2829319
14,7a762dd9d33a79a98f2e5d2d5f89eafd,True,2,3063898
0,80e26af81442da78e4df360099620460,True,2,3066872
4,3b76bcc8724ab3ee46e4d2b5eadb1b14,True,2,3167167
12,8d22bf333a9bde92dbb3882a2cde83fd,True,2,3652417
13,0020e46018a32d1f30339c0ceec09aa9,True,2,2785763
6,6b15107638f8edeef75886f46819d8c0,True,2,2792434
10,be0987d2b0048332c6b9580289c0c9ca,True,2,1717245
3,455d4bb84ee52d5ecbf64e348a894ee5,True,2,3022487
8,bf243666b5d96d20f19b66a1cac13245,True,2,2904859
2,c1c24572e373c2654b78be8d6bf9fdd7,True,2,2571014
7,d63411fcff52054354a325715adb6bad,True,2,4075410
9,7a0c8b8327c181fbb2b1c39272923367,True,2,2429364
0,e7654dd73a1dbb1ea6eb482d8223beac,True,2,1292858
5,4f66e92cc1d0fbe9b5ec68c4c069909d,True,2,2439767
11,474ccc0fb353b40427161a90f10931c9,True,2,3704196
4,8f2ef2532b9019f05cae6745e19e8c1f,True,2,2099116
15,8ad3d69f24a1fc02e02a2618a2a37122,True,2,2797938
1,13927aa31cc1a34933737d9ffba1c14b,True,2,3255369
6,9aae696b8fc52a859fd6e87905bb6e3e,True,2,2997419
13,ec56eaaeb1af465971464c612119f60e,True,2,1582921
2,4b5b3e88bad585cfb55fe702ac343708,True,2,3610552
9,d82babdb628e634195cc3a82ec4ae839,True,2,3746751
3,edd699ceaf60fd6809576c4af7c15cd9,True,2,1749150
7,7511adc162d7d5c02ab2533881205504,True,2,3728606
8,3404d0fdb25805821f03d2b8fbf30647,True,2,3569978
14,077e9d3d50caa2331ce2545aa511eeae,True,2,4726881
4,d037d3f714a290825039e89c38317339,True,2,1512301
15,2eb6f3b62f91805a31e2cc6d19d2e116,True,2,2365759
12,f2ba7706e99d7fb70bb58fc31b7427d2,True,2,2827610
10,e77bebf96f986d7fd986a4a92b6b8504,True,2,3221560
5,62cbb13660158cdc26802168f740f2ae,True,2,2537964
11,eb8d9ed9b9daf81f0fee06fc39fdd7dc,True,2,3078797
1,7951b3507fb776fa7b0bf5808de61b5a,True,2,2473690
0,c3fa56dfa463438011870e04d3e668e3,True,2,3368333
2,55bc7dc3722f3f989c9196026f4a54f5,True,2,2142686
13,6b2b71ccbde21b79d28e7c5237c954b7,True,2,3011813
6,49ee0496cf22f6f7a87f822643e443ef,True,2,3506882
3,6aa5049056ce4e329cab33fedda01007,True,2,3197569
10,4632ea23ed6e6bc63063c42486138576,True,2,2388233
12,27a400a7535fa2e4883aaa0674497fa2,True,2,3388312
7,829d126beff6103f18bb710f9aca5e9e,True,2,2336101
5,df761c645020261f7b2e127ce943f47a,True,2,3448815
8,7ed6d4207ac3a2834a53747c93d3a41e,True,2,3609200
14,193bc082f56b5a5cad7df256e8528678,True,2,3304619
4,c71778fb297806303192bf20e56b83b3,True,2,3669199
9,654bd0860fdd992839de7df26f861bef,True,2,3819024
15,7fbe582c861f8726b9dfc066b88e514f,True,2,5940613
11,c37b3808921754a4080786004c4b00ee,True,2,2922796
0,87930c18c349291331f2bf9faa60acc6,True,2,2356525
1,596d0952f9c2dd51992305ee9d050cf2,True,2,2951801
2,f410c63957527005cd7a26158078fb0d,True,2,2250493
13,c0ab356e0704d2f725896a08a4e170f1,True,2,2879828
6,9cb86da76f927b505617b185823e0a55,True,2,2732090
12,c8508a3be23f92e4930c7724ddc584db,True,2,2118276
15,a7cb74bb2aa8635565186cf7776227a6,True,2,1416841
10,2c21446f8d8e19414de32ea43ef35489,True,2,2921002
14,d670492a4e2f82f89654cacfa8462c08,True,2,2889774
3,8bc3fc0e99f81f3b609047fe45b25c3d,True,2,4539803
5,a9b01f817cfcaaf6bf0810e6fbc90fa2,True,2,2394072
4,200180184b8d3da5aa6acc31370d4e84,True,2,2761695
7,f05522a53abcece0bc9a85b9429a816a,True,2,3137915
9,ad27e2941b7978fe16ef75076ac846b9,True,2,2006203
11,f0ac2225bda21f6baaacd18bdf12955c,True,2,2922842
8,4b94cb22d1cfc22f0449a1b723309ed0,True,2,4599142
10,723fa0212b10fa249db4bf847f273ff9,True,2,2245333
5,ab2d2f4b740af51e01881b3641f43733,True,2,2746074
4,3719e478fe6631e1f64827856000804c,True,2,1755640
1,9d88c569257ff08c78b82203ff092733,True,2,3434825
2,19dfd6c303076025a9ed965933f27230,True,2,2149376
15,ca72506f71ac3668fad364bbf9a90c9c,True,2,2497160
12,25505a68e9f4b3a059bef3db77c91ef8,True,2,2713156
14,8236f27593db07be4908986c9b4de345,True,2,2113686
6,6d3412bb432d831454bfae9f02f7de9f,True,2,3981554
3,38c00ff68d3ba20b6a862ff64cf6cf7b,True,2,2542529
0,f740511fe3d713c3834f43ff014d22a5,True,2,3469151
7,6deb402f927b9a4b08f3b082ca2aa7bb,True,2,2290491
13,970343659e7eae618f70b3186d58b66b,True,2,4182115
11,0abf1e6b9caf14f55deaa8272f14f684,True,2,1854875
9,348d1cfc31e033aa9f41b2bc8e19d7be,True,2,2831807
4,cfae871aa047cc7457778058bc6e3301,True,2,2226042
15,f969627a4e132da4277f97bac4dc9857,True,2,2558027
7,6ac8255cee0dc8871969ec39c3aa81fd,True,2,2186397
8,33e47e9344cb9f72f45d343106c5a7cc,True,2,2682597
10,abfdb621f477de594e8bc294175900f7,True,2,3311941
1,e6d49512a62f5a1ea9abb5b294f95cd8,True,2,2927258
12,f9f976ece5640f29595214dc9192a74b,True,2,2937607
11,c076921af943643ee4543420f4949257,True,2,3300230
0,ed101eefd78b373d79240378acfef375,True,2,2682117
2,56e2c37df2a0fbf995efb780aded61c6,True,2,2582530
5,e609f6161836f2be9a3a4d18889c3a21,True,2,3412655
14,00bf95b0db217e5cd1ea841b3d3aa4c7,True,2,2918494
6,e28a29d430516d49229beaa5db093b3d,True,2,2927129
13,bc56e34177b8cb659ac6e56673dc8fa3,True,2,2517671
3,98cb309262f3baccfed06de654410b08,True,2,3416781
9,226418a3ccb973a1076286ecafdf0fe5,True,2,3757528
12,ab112dde0384fa658ef92b2a98830ed5,True,2,3214776
1,afdd668fbb77156792dcf7a1d6f90357,True,2,2700775
4,101780d9a4c273e4341c9fcae684e7dc,True,2,1776141
11,ebe04ca447a2b6e6bdca1b832ba44ff5,True,2,3165386
15,4df64337ce864b08c68164332e73e779,True,2,3655112
0,376a404cbb19a4d08e9620a2648855a6,True,2,3590673
6,7b72cab59fe70d2a2d3a30e4c3e5f632,True,2,2679998
7,aa6b5a1e2d32b8f8d6038ff7eab54c71,True,2,3931715
5,2363c017399fbdac13f83bb8e269d03d,True,2,2854061
2,7106db7623fcdfaab18539a4111f765a,True,2,3470801
13,3a5e4baf6119abc2980b867d46a8be61,True,2,2579648
14,1a0df994ad2f32d3f86119cc88ae43d6,True,2,2305230
10,b9761763bafce0c449a37f22105271a8,True,2,4416113
9,d09bfab43c0b3eb2b62f08ae53148929,True,2,2141223
3,17c893cb4a0ded84160e763c26c1a7ba,True,2,2075540
8,e5f89989764e7ea29f3ed0e04f5376f7,True,2,3936862
12,71d6a28f64b71f1f7b7947b6d87bd0e1,True,2,2143670
1,41f9cf1a21e67e201a0fd34c96d996b1,True,2,2524172
0,38f36204c096ce13df91a068eb7aa4b0,True,2,1317641
4,6ba2c6d4a757d15814bc89dcd046e009,True,2,2125656
11,a17487df2e180455a6094d644a0c01db,True,2,2021823
15,0f9c546f957281c10eb385825c86b3cd,True,2,2822043
14,d7c822e7513b42d910c83853fc199eb8,True,2,2673364
13,588373722ce97c8eeeeab8c7c6f87f2f,True,2,2462620
2,20f1f6a4ee37132302f68a0e2053cd2e,True,2,2397629
5,e7a1cb33329b64e40901e45a8a197cfe,True,2,1934626
7,2c915b0201657012615653f34ff23a26,True,2,3536277
6,08f390886aea0c6bf5624ef5c6716171,True,2,3186302
3,d61544899d28c5b90cb6eb8069f2d3ee,True,2,2924551
8,e52510f412687c07d65e7516bba93d73,True,2,3223421
10,cf97a64e36bcba590c520dd090bc66cf,True,2,2868077
11,575b78d0dca3089931e4e8b59d3a74ad,True,2,2030056
13,7504b2f8c2c710d566e38d781fe270e8,True,2,2506418
12,5f54c187fa3ff152b512d9026d7dad56,True,2,2990762
15,e37fe853ea6f5e69173e538fe0b6e7e9,True,2,2405804
1,32f60e16fd4609e35e4890df05517df8,True,2,3260952
9,4afcd4365b846b36bdfe3aceef29d0b3,True,2,3187936
4,722c03501fd9777031957d3ac7a7f6a9,True,2,2189042
0,f08c127d829a4e18985630918f359c56,True,2,3138078
14,e45f615e1eca101d8f9379608cf85b95,True,2,3119207
7,81471f4823cf07155835b09756f3697a,True,2,2378498
5,7741bb8e4b8c287ad110e63a96750bc0,True,2,2353465
2,60be50bf6d72a741c212ddf26ea2b8db,True,2,2745571
6,f8c37d0759727905696b3329f7b2efcb,True,2,3144156
9,0ecef293eb8567333e0a6b4f20803965,True,2,1604346
12,45eb7f65e273cc4636959b3efcd0a7e8,True,2,3128774
4,9b58bed925a79bb820c4da444ee53378,True,2,3600833
15,8e2b0a5911d059cb399b335743fb14c8,True,2,2651965
8,b8c61b061d5d206b0949de9c1de6865c,True,2,2239244
3,5d931064dc264409ec0bc8eb076f7142,True,2,5022914
7,89151e8dc861c615a53c466f3d849915,True,2,2621579
14,b45c17183e31d5c5ad17c032c978b546,True,2,2413675
5,c070e0a0f14168901fdc512a756d42f6,True,2,2194857
10,ee6cf93dc4ca051b8bc24e3c42d10f55,True,2,4025141
0,2bff52d3ddb51f153c8cfe57cea1b307,True,2,2099375
13,7df1d3a028cf09026e446d0d71ae6237,True,2,2953461
1,c6f8b9c38b03269abe0f4b6a9749f486,True,2,2861814
2,0ebadcf4f6e4b31e26489c53668bc47d,True,2,3011930
11,757ef915b4299b7e5d4b62dfda3defef,True,2,3109116
4,c7fdbe27b9b83bbd5608ba36ce1966f8,True,2,2256169
15,ae46755098c9519932380b2423bcfae7,True,2,2343978
12,cc7f171ecf603ca85d433662e62652ad,True,2,3110453
9,9bde9f3a0ff94f3f67a561939ddde99d,True,2,2830434
3,10f8f57506c1059fc5944a9936734e97,True,2,2626020
14,5b0b223447dcfd6704a66e8b6aa43947,True,2,2589998
6,dbea1c6dbd37a77aae0bad851ea4b7ad,True,2,3729525
0,12918d1ba6fbf4a7a22375dfa45b6c52,True,2,2524695
8,7ecf55c436bca42012686706559c72d3,True,2,2045589
5,e4dc2af11c1bc56f0d23918af71ba656,True,2,2138058
13,6e1799f5b88c7a6de12a88df54937312,True,2,3399621
4,02055eaf402376a488c32bf07944d24e,True,2,2440912
3,418dd95ff9d3388ea8b56a109e0bcbe3,True,2,1307822
10,c275388f05c31033d0a39b8749464a4e,True,2,2742357
1,6e3f230ae8a5da54080f46cdee756198,True,2,4788512
7,eb683fc34e1add9a53149df7d00ef88b,True,2,4174040
2,113d8c0ccc551fc8879a84c1b46eb786,True,2,3183234
15,e81474e4d630de2197a66b2fac143239,True,2,2816658
11,5ea93ca6261ef156fe0460e4c2f9adbe,True,2,3412912
6,d15077e6a78bd4c7525aa79325530fb2,True,2,2905264
0,1f163c8e9f992f6b049c117b6d4ce63b,True,2,2916672
14,26d8d78de29f58c9161b1a66b1a9f55c,True,2,3114164
9,407278847753e4164d8a6440af97d3a7,True,2,2737404
4,23dc2ced1f87d04ce6f3ed819bb692e3,True,2,2023779
10,2465f68fbecc764c17845e7e5f5de162,True,2,1688411
8,a03222f669062ac13e139229940828b4,True,2,2920146
13,d4fa5d45fb599cc5d3130f23155ecd3e,True,2,2471795
12,b560184b9623697f06feafd1d50f14a2,True,2,3864384
3,16af4262f198a926218a2b50527ac5e8,True,2,2565115
1,9beb6c145af090dc590066702e5deb42,True,2,3087768
5,e3eb1badd9712697b7596edddb2b268b,True,2,3095274
11,7b7f43867f7f1aeea800539814835b3e,True,2,2783024
15,7fb3b1e22638af7eee6adf818b0e9ca9,True,2,2718366
2,35cdc6e49c7e5d4278b5efb9f1e8fe9a,True,2,2532688
14,119ac3c274e746c5f2955ff56f000643,True,2,2615291
4,ab57de1fd57e4b2e15f6054a2709d336,True,2,2113453
8,15d8db5e55a738bf3dac7705a2c20ddb,True,2,3240530
0,a7ac89f690ed0a41cf623ae257d723c7,True,2,3045755
9,72fcc63da82d047b00c4889782bb86ec,True,2,2632399
7,6684c5b9fca4dab35c37a1de91ee75e9,True,2,4584678
3,c6a95d61bd379c40553de2eff85ef0ed,True,2,1999894
6,3747bb4b632767294b419ceb107366ac,True,2,5326891
1,e0581bc25fa5c59ea1d2c04c830ef6d5,True,2,2080024
5,f3f1738db2511f27c90cd4e849b44990,True,2,2773182
15,def4718ad8ef66e6264f2137e635df97,True,2,1969271
12,0795cb38b60e083a15b9178d14973b64,True,2,2415869
10,574a9071c91b3586dee407b8719a93fb,True,2,2969046
11,ec82bebb9c928025be16cebc42e83055,True,2,1943519
13,e27de5124530e03b548ebbff5d39b954,True,2,4838625
2,56dca5467f1f5a68b388c234c4b825e0,True,2,3713515
4,8d93ff90e9c635853d1c81a6d2a026ab,True,2,3121597
8,b2f68a578aaa68a72290f2be86edfb55,True,2,2948752
0,1064bbfb6c3e245d0f2d142f83969e79,True,2,2433112
5,6fb1de6b8e6f7e910b3198e3f12bda28,True,2,2254796
13,9dc85c76b2435b0fe75aa6f37b1a1cca,True,2,1240404
9,20dcf34ab33d6aaacfff52a05ff89d32,True,2,3048903
14,4a3d7e2ebb9ca3a728f46722e5975948,True,2,3506930
6,5c239fed14ed5040c8340cbc269cf962,True,2,3952491
1,a410591b385a842889f16b1bec0559b3,True,2,3925522
12,921ae6465aad280344873f87a24cc1dc,True,2,2690309
11,1eb73bd60c5c074595ce244c89fffdac,True,2,2082843
3,607379402f8dbe2ec6e714fb591dce0d,True,2,3765098
10,9d5f4fe6bffd559c2d0f29caad026740,True,2,3095000
15,a42b35d219e9141fcaa6c3f6a9a09e34,True,2,1863790
7,57f4b2d57c94598612e963b0aded473b,True,2,3760687
8,ca725556b46afbaab754024755a15244,True,2,2141126
2,5512670ea37e10b277793a1a9f24726b,True,2,3201506
4,7d081bfe0bb1046983d362c6a911e399,True,2,3091401
3,c1849f5954a52b18d771d99a303ed1cf,True,2,2639175
13,86fa4ee086107c3f63fa9fb7f08f54f9,True,2,2543612
5,95080ef52fabaa282248d7c243c5f675,True,2,2365509
1,083aae67798b46c9a0d8a524290f6fda,True,2,3105989
6,56c18589890d1d7223822de3eef8bafe,True,2,1966659
0,ce4a6764e5902bae58029b8a2ff17694,True,2,4334570
15,53a1ee7b50f129908aa13b511d07ec49,True,2,2026841
14,180c4e64188a3819253f223f41d4b983,True,2,3882773
9,dddc398a7581180d13f61dee1cf07ff8,True,2,3879365
10,5ef115a644dff881d5c02c8e5ca7c568,True,2,2926401
7,a26aab8e098a6ad49461e68108a4b209,True,2,2150458
12,5ccfe2f398abd1ea1ab168f99a69dc81,True,2,4726010
11,bbdb8be2bc7c5cac627dac6ca313e0e5,True,2,2502862
8,f1e448a4de54692474185c0c8ba9c30d,True,2,4446077
13,b2e36e94bdddc7c979165ed9ef18a89d,True,2,2381989
2,d57809fe817e4541a4f70d33f9b560e5,True,2,3238213
4,e18631db81132c591e918d18c0fb0b63,True,2,3228745
15,5857963dd0ca11e0a9cb252c712ff597,True,2,1679719
3,7f78c4be4219d35fb0d83ca79a29a72f,True,2,2433713
1,1340e03d57b48f0a19b8878f82a1f5d8,True,2,2029589
0,7dff3a70eafa0c7734eb7e2efa85d2a8,True,2,2573985
5,ba0b6016ee24b62cf96604f86dd7c77a,True,2,2627354
14,f39c17d7b11afebbb441892badd5fd55,True,2,2254471
7,0713892b13433a873d72abe23d886bb2,True,2,2149591
6,5eb290d3b8ae9640a613723c31fef944,True,2,3006090
9,9cfcaae9b957aae7d7e421fc5549184f,True,2,3554387
10,41fd66e071f5330279737bfc3f9ae288,True,2,3084163
12,e4676dadc9c36fc3d23b923fbb9041dc,True,2,3443254
15,c778238038666446901d119293dfd33c,True,2,1821240
8,5231d41fa8aa86a86584ea93785e54fe,True,2,2952074
1,e2956bbf830d6730c883fe6c91f8cded,True,2,2073296
6,9347740cbc05c36a3556490c21d9542d,True,2,1678925
13,c5e46e031d8a9dd20d95ea425b275d34,True,2,3345486
11,d2a9e1886c96e94631e87ac01a7a6ed2,True,2,3994369
14,2d96aa33a2e679bc50d73858bb69feb6,True,2,1622823
2,6a534575a885bcb59c5ef1b76cbbd9a2,True,2,3987236
4,c68833538edede2ad109779e2a98b5c9,True,2,3381507
0,820e0606f7df55354c97d1e57e992063,True,2,4632154
5,270b007d9ef59787693adfa033536e17,True,2,2635469
7,96873e729f755eea9939dcf3bfe57783,True,2,2530929
3,47bf47c4ffd6b90754577cc04aedee7e,True,2,3901248
10,e41e287ba93dc14a725252cf09f899ef,True,2,1667472
9,1e33ad2701b1496b48d0428d0375f0c1,True,2,3286382
8,498f5c801cd8fb9bc9e97e99b67eef6e,True,2,2866133
12,3cb10e637ad15d9076b12679701ea20b,True,2,1968324
6,9248df393e9f2ef820bc1f5afdb6baf3,True,2,2272269
15,9692e1cdb853879fc6cb768845460e13,True,2,3296634
11,17ba4ad71dcf5e4f3188c7ff8978c326,True,2,2293399
13,0e58896ed508f659e55a1cdb80bd2841,True,2,2077663
4,07a123ae88cdb67c75a3d2f0f071cec3,True,2,2252405
14,b5d32e4d8e2f2b71ae94a6f6a26d98bd,True,2,3023247
1,3b1c62699803bfd62eb0b17e20c68361,True,2,3397434
3,678fddda746998a49bf61696155d509f,True,2,2640664
2,eb5bf48f7c2027efa7b704166c84fbb5,True,2,3592717
6,be23d20138095092e22806f8b6624309,True,2,2477636
10,c30db272b2ea2e0c21a988ef0ca20a93,True,2,3004524
5,1bcea029e4558f10431103b12c13eacd,True,2,3168938
15,fc953f5e3c58da3888c4687d18c2beea,True,2,2778731
11,5e8ceebdcc55ae11fd7ae827420b31eb,True,2,2734338
12,93550c9fb6b1d9116aa91834ecb86814,True,2,4759869
0,44eccfb2421da657cb6d1e49e0004fa4,True,2,3006823
7,45c4e6df6d0748e7235f4f723771762b,True,2,2630928
13,ee5adc25f089d20829113ca1ff2ac06d,True,2,3221146
4,e5e60bbbb695ef61f7cd6846d8c9bc94,True,2,1648407
14,70fde15c89533d04c990ee1139c00299,True,2,2468637
9,4d68ce4b81de345a3ddf1a20087d75bd,True,2,2906707
8,4db6653233425e499b818b6865646cd5,True,2,4594578
1,de1fc7bc0fa7d32ec7002e095a75c83a,True,2,2578968
3,af2186da2e4a253e0b14ef400b9e6f4c,True,2,4027755
10,db64436c6c1044ab4ae0c39bd265a7bc,True,2,3499829
2,df9d6c915e87268bd5bbd64bcf026b6e,True,2,2464064
0,ab0b6acfe4e58fd26e11f63f08e29bb7,True,2,2883155
6,9f850a7e67dc9b2ef94c2dd2ad761a22,True,2,3772610
4,d72f7ab6c36bba5598ab4a996150df09,True,2,3075220
14,948fa80d42ef74059aa1f2476049e9d2,True,2,2734369
1,ceb4b65c0bb1d960d3840b2abe75fd4e,True,2,2399495
5,3ae787b0bec7a390df8cf3923f628684,True,2,3966735
3,9bb64c3f2e631a3a148ef9ae80616b52,True,2,1702887
11,d1d1982d75d827d09a72606c447c3525,True,2,3575656
15,ec298b1eb9274e0d3ec38a4ff1edb120,True,2,4439274
8,e9a7c0cd340e3c1a28692bd42a5a1541,True,2,2481520
9,1ed55c1d27dafb6577903b01da6bece5,True,2,1933447
12,05ed5bd7b7013a19d5cae4c15ed8cccd,True,2,3804184
13,fa10884da358064404af95b0dc5c54a0,True,2,4489628
2,5d6986a60f097ce8a3e249c1e2f202d1,True,2,2048008
7,7ad5de675cb8f9fd0f8b0e5a2dce3c64,True,2,3800480
10,d1782e4d16d8093d4bc6ff89098a5999,True,2,3002823
6,d144bba954d2ad289f9c08d7318978d1,True,2,2666109
4,5aeba3280efcf2044a13d746800bf25d,True,2,3295435
14,3cf35edf8a764881b6d51faaabc37fa5,True,2,2302609
5,5b98afdcec9b1186b5538f7dfd00b5db,True,2,2977043
1,349f1c9c4a2aaf0494d1d06e10ccc507,True,2,1728182
15,b2311ec4b9fe65caf340edcc0e625d17,True,2,2538691
0,314af5f14432f83d09ae3db4c6129713,True,2,4281802
13,94c50ff02c35f431d47701ed1f42c042,True,2,2001205
11,b6de942bee5648c53525fe14cb63c44f,True,2,3373854
10,51d68243d60fce7725c3f698a1806f8e,True,2,2235097
8,a2a273c955856fa432f61c292a404745,True,2,3021320
12,5db48db290e24cbfa58fcfe27e6033c0,True,2,3726882
3,ada6acc6e23b67f4b1ce2b430e67544a,True,2,3189146
9,329868cb1d2fc5349275804142004c4c,True,2,2864945
6,a3ef705c0eda65d101d6c2548f13201c,True,2,2495310
7,76f6980d6b882ea0fbc803f63e64c6bc,True,2,3703304
15,39adc2a4d033cdf5d0ba04bdd464fbed,True,2,1853770
14,a24f6f65ca209ac05293dbeeeb6ce940,True,2,2292846
2,820dffa62676214513f11d43c79808ee,True,2,4497290
0,24b8af17412200b246409ea90dbd2ff4,True,2,2947683
12,f2f0d6f8622ea6095d7aefa7d3102458,True,2,2482403
10,30ee9d9e1e4361fc681e4fe57a0de53c,True,2,2363115
4,3dd955d1257900e2922e1f13c6312e78,True,2,5086620
5,8fb94d00a4a77ff39608cc22a29b9308,True,2,3962325
1,e9cfad916d58858126cfa888124f1974,True,2,2153385
3,79cdac28c2be730ef2e295e1059f1f72,True,2,1826083
13,6826b3a4c22e1b658c47bdeb308ca901,True,2,3256970
11,e4f4fda51da045c18670919e6cd2ff93,True,2,3314858
6,ec1f3e371184da4da80d1aea8e8b6319,True,2,2155179
9,3796bf273d6003c316ba87c6f223f4b1,True,2,3927011
8,f8d32258085ffe5309af4e57fe10380b,True,2,3325608
14,01de9683412947ee0e76f03e19ffa007,True,2,2407339
10,c83165b58aab96b3f804ad7625378b34,True,2,2130287
15,d7a9d135205250e8dbba92029e39b668,True,2,2706386
7,d8167a2d2c4491de1e1ed94de0fc2285,True,2,4080281
13,bf125aa9a19745c33879a48a4ee41b50,True,2,2745367
0,7016360ef9bfdd07d91b6762b4979f84,True,2,2997929
2,eac1274bccd8adb5b976169b65da2da9,True,2,3512401
4,efadd6b9a893acc5616b0facdbb05ef3,True,2,2982202
9,32285c69f269e74bb5773236c29f73a3,True,2,2046465
3,5d73a6f1f9a980aa897198eb11ec8589,True,2,3058209
1,47a60413d52804e97b4a308cda57b370,True,2,3813908
12,c1960ef47623c9828b257b02df8084a3,True,2,3843779
11,6594174d53f3590629c5d25e621bd1ed,True,2,2819286
5,fabcba61af688588ce9f17fea88b1cc5,True,2,3233000
15,b3cfef1eb113347f8f0b9259df259688,True,2,2761087
6,a40ec56626e2997594fabb999e7aa5e8,True,2,3447037
8,bb0c024626a26eb4cdbae11d9c0a431d,True,2,3049097
0,ac4c3876ad80cbaa9619396d1984f777,True,2,2741585
14,c86eff5d84d027afb0421fff28c40edd,True,2,2993552
7,d4081d9a01f7d99fedf178b952eff538,True,2,3407968
10,397d6446e65bb79c1f23e8b31521b950,True,2,2700665
12,3677ff37545398da5ddfe76d77ce88d5,True,2,2081721
1,5a6b2066f2ab2656a251716cdd7bc589,True,2,1968781
4,8ca1c66802c9184843d7ea37de22cce3,True,2,2389397
2,a006dfd157a5b1baeb03ea5091997282,True,2,3217274
13,06ca48b5be4782211073efc854cce0bb,True,2,3666715
5,aad2b5010dce8cb90d4ca5e0adf9e652,True,2,2245407
9,1139d17e02bf5872769bfb0d5ce13371,True,2,3229537
11,f84616891040855b901f28d1d6c49bd1,True,2,3305527
3,b174663df7c815f18b8d20409d5caafa,True,2,2664659
15,29a55d34a91704e63be14d0d3dc1a6df,True,2,2995068
0,fb2a4cfdd50b5d99515445444f9b8f8c,True,2,3153920
7,f9d17ef69a238a92f3d4d42832738565,True,2,2528245
6,1a7e87f97ce258afb2f803abd54c6438,True,2,3514119
10,4502e2cd43c6e5bc39d262e9f93bb4cb,True,2,3056008
14,06d6b0821c70d6383be953441c49a25d,True,2,3248190
13,fb1210ccb402c8f344c13b9d1c807f29,True,2,1830856
12,dfada5c7697ebd526929496f7c19438b,True,2,3498588
9,2bbe163f8190ab5ecc67ab265b03f62c,True,2,1431549
4,4e5f034ab3cbef37af7b9d9825e2a64b,True,2,2636818
1,07cfa502a9878ae7a519f30bba1b8f7c,True,2,2537942
8,ffd8593d7641b06f24c1ed0481d0cbef,True,2,3802373
11,95f039bd0c0560d2764b5689bf18471e,True,2,2622616
3,74839fe3e0a7a1046e5be261c9d0a9f1,True,2,2643134
5,d53fae104eed72c40c3d6ac395473af4,True,2,3446723
2,a10a80f85c17e0f577a527aaa0298da2,True,2,4056118
15,718c6b58cbd19e54df2819dd124bf858,True,2,2905346
7,b435adb9e90a5fe83ddc05a849850e22,True,2,3301228
14,8c90ef1eff3a1cc18ff135df56eeadd6,True,2,4124758
6,554ef6d562f75dea65b7db3701278ae5,True,2,5401992
10,d23729b2e73fe4f068708a3a13c508f1,True,2,4995109
0,9817b66b4ae354a5509447081ff90435,True,2,5493495
11,a1d199927911022ea29d96841a38f846,True,2,3802027
13,13b4eaa76adfdf59699870f1ecbdd7dc,True,2,4461193
8,760d5a72f0b7fd7912b2cac6ada69f42,True,2,3707930
1,4e4977e30f467cec8a02dd4b7bdcadf3,True,2,4264614
9,a690e4219f351bcb58977ac2ceda721a,True,2,5035863
4,1aa43796cbe0a241cd97e494f6509817,True,2,3759370
3,a7ea63ec9a0277bf8b48069f7741abfd,True,2,4204196
5,b0a8615f160538840c3de5169c63b2ce,True,2,1977899
12,a9adcb1ff05681e3210693a827cfe24c,True,2,4627522
2,a55f1dac5bc27e9292b85873c01e168e,True,2,5260296
15,f22502321b59006fc46376b20dee9cf4,True,2,2308313
7,284032959a1d11ab5a8cb699a2c46a6d,True,2,2598294
6,10d3522248c8e80551c69d8b8583e2b2,True,2,1275528
14,7897f75f4626343d9aef06b66b1f3ff9,True,2,2315098
11,dee5bd0e726e7f323cdb38232b10ae9e,True,2,2443504
0,3034cb1183825e5aa175efe81a78b76e,True,2,2583882
10,652683133d7d76f96fc5bf0562acbcfe,True,2,2858238
9,a191171cee94c206d9183c7af20ca6db,True,2,2603749
13,ebda8ee4f741a8431f0ab1cca8bd1b1f,True,2,2097104
4,1857c3bd5e639c42b420da7a718328f9,True,2,2493898
1,8fa29d0940b29351b81ca9660937341d,True,2,2128549
8,f2c8238b88ce0d10068bb7fdcb2cd854,True,2,2570448
7,6265a6336853859e90aa48709dd9e81d,True,2,1656048
3,05a74e8c70fb879ab7ac1bec321e23ea,True,2,2937043
15,9ac1b4a544badf906a86a8cce01a393e,True,2,2508795
2,9a415229cb3871d3723685d25817477f,True,2,2938438
14,c2931fc0500739a2f7abd92aa3d966ff,True,2,2926878
5,496e81bd22e7a8674b88794a2ca846bf,True,2,3286417
0,f3dfa35936f25993900bcf87187025e8,True,2,2057628
12,be70a40e3d5aa589e087bb8f5e2bce66,True,2,4663908
11,da850c510ae0fcdf068758c167c3e2bb,True,2,1949590
6,8ca73bc7d06d66659b03d9420434322d,True,2,2506570
7,820875c51d9476d070538d072b67ba8d,True,2,3118876
10,50da0da65b279889bfc6f63bc6ce3675,True,2,3044291
9,3a372c0be692d3d7595f08eff95385ce,True,2,3427379
1,77a6771ccbeec127c44f641e3b45ae5f,True,2,2988061
4,b091915b5b88af3b6d735791606c066e,True,2,2939450
13,05c879c53ed8c67e76d38594c2299762,True,2,4556166
15,dbd30085bf47df428491612964a39ca9,True,2,2796684
0,f41c09aaa7ee487b176a00b60d2b6674,True,2,1892940
3,4c6b4ff5de18ddd8e3735feaf1e3bef8,True,2,2995910
12,10e6e2c52752788d5b732264390cd1cd,True,2,1655102
5,59cfccb14c99268c51b9eca074a92f33,True,2,3290127
8,bc16fe58bbc43c722963cd95033c68d2,True,2,4108219
10,f2713175b71e94a3ba33cf2b6cc42110,True,2,2431693
2,c57ab3b935a4f7aa10055b172b65fd20,True,2,4218868
14,6b6434e511e4b0cdae8fe91134ef407e,True,2,3783374
11,3a31d642d9e562cf40dd1fc75fcf305a,True,2,4235215
6,df639f192cd0313de6db6f75b821dabc,True,2,2952202
9,e606461cbaf5ec4a205837980392131c,True,2,3501907
13,feb39b8c739da4a34f59f0e571f38152,True,2,3653729
4,bb589b3a1d9020db29ba7438e6e6c791,True,2,2584232
3,4b5e7e428eeb8685a2708972525b55b6,True,2,2128425
1,fbc2182223f8c789fa792bc564e0607b,True,2,2615257
15,d7cfa2355d208060b6cea0b9b5fc52c9,True,2,2931659
7,233ea9cf273d610aa45ff19a0ea98f99,True,2,4159922
5,89fd20a7ce8b5206eaec1bd0e8aa6fdd,True,2,2785596
0,088b57042effa4c3664baa2caad3c1d1,True,2,3986314
8,f448d1042e4f2b22c6df60a6088303c7,True,2,2118084
12,5816b8a5685e6129d71222d451025695,True,2,2870605
10,6b18fba898ffe64ee8538369c5347001,True,2,3331409
6,1e947c0d8d11ca7a349e867af7370bf6,True,2,2924451
2,5550684dde8994c61167fd47f673610c,True,2,2158604
11,ff1187cdbed53060847e8563b8900676,True,2,2776568
9,1de886715faa908c3158cf101adda42e,True,2,2313862
13,99412d61a4d7c7a1dff4101dceb2c8b3,True,2,3620124
4,f84f91cad550ae14ef4d8d67f5d6c0ba,True,2,2788447
14,efa558b3b9b5ca7721154b8745ee3260,True,2,2539099
1,89eeac580202ed9d18eaebc56e2e2551,True,2,2376651
15,1a62d1d7d91e587f7a4c4d2aee6a8533,True,2,3102467
3,0ee6298296aeac8e1a777bc7c0ad6845,True,2,4359914
7,0b12786b1c0d05f3958489474d51bb98,True,2,3223121
6,420fc5727c5c8852ea485051a120e902,True,2,1984841
0,391ea6640d52d4901ee536997e64e222,True,2,2519675
8,510849bf08e43a8fe14c0c3b889fcbc4,True,2,3624770
5,c914a4d6817824be160892729d64511b,True,2,4184326
4,cf3e6908bb5fc23956e332ac2096071d,True,2,2169710
12,ab5e030b7fbec197fa22a43f0357663f,True,2,3611078
13,9c4f160f71bc249293f3009578c3673c,True,2,2363310
15,f83dfd8327920b1eae92dd07e1f7752f,True,2,2235842
9,787c098d0d204b3719dfd75140e7905f,True,2,1814477
11,f4f0ded985ac0e4ea59538d5b72b514e,True,2,3573457
2,fa10f4b4dfbcb5236ff12e260d3dbcbf,True,2,3868042
14,30caf3e548297bc2e4d347dc2fe5819a,True,2,2231497
1,c47db2138d15554b3cdb2a4a49305960,True,2,2172139
10,1962a15d37eedd274264d9aa24a92b52,True,2,4151883
3,46450392a1add3be26efde18c8bcbf3d,True,2,2232298
7,5908281f26ac154ce66b17ae9a16799b,True,2,1982619
6,c3a430664207a5a014828c2536c2946e,True,2,1532987
0,666a9764da9177c7703816f55b29a953,True,2,2656283
9,4ee152595d312ccdfec5f4d0d48b8916,True,2,2448437
5,22fdc156b10e5b25ad28d88d710bb799,True,2,2022345
12,75bb636bebca7844edf6d5ef749775c4,True,2,3287567
1,fc590862a1764d00932c1fd3200c4790,True,2,3162633
15,19e08a85a3034fbe96c9106d02939376,True,2,3375640
8,c665f9da334490476007907d4aa460cc,True,2,2816462
7,70733e6b9f901416eeaa38f6ab7ccc47,True,2,2993018
4,02af8ead44ac4fd075f64bd8b6a94de2,True,2,2538014
13,b5a95c537b4490bd77067c2f0818fd4e,True,2,3555536
6,2165bc74fdae79f7945731073136ca39,True,2,3583303
14,5806a71599b7e1d91e6d64e880c7fc1e,True,2,4107144
10,7090c7d978458b9473ba6dae771a8d0f,True,2,2520899
5,1eff8bf406c81289835b29d037f8c1a4,True,2,2567340
3,a79e2a20f9e19689047f3e78d73c5ee9,True,2,4578867
2,fc378f849314cbb7989d02de4d103f55,True,2,1955878
0,b9c525f4f54b45ab9e37b8b181b4c6c1,True,2,2299883
9,b56d12ea097f13b2f61419506ca1ed4c,True,2,3348180
11,e1d96c82576dda6b969ad8cf3daca417,True,2,4488856
12,7c83ebf8ad5c8afb3bf6010782a6f235,True,2,2681745
15,888a800cc841ddf7d4684595d2443860,True,2,1970698
1,bb058d5a0fd1df06a906bdb8ed7b213f,True,2,3473249
4,c4c78772c284bf2bc2a28b7880af0f2f,True,2,2151109
14,b111725122e1d86bce852117bacffb5a,True,2,2311884
7,3ee8ff496652e9979ddcb198ab19eb7b,True,2,2948788
6,cd68e0df08e2d8a2dfa2f4e69696c707,True,2,1298263
5,a6588ce20707e8942acc82fc5bad8147,True,2,2486103
8,f0045bc90b9e16e2fc4e56cf37e6ba7c,True,2,4429576
13,6b9278464c616f74ce0c64bcfc2d1fc0,True,2,1639962
10,72587021c6fbb7f8aecd47b7976df3a2,True,2,2479171
3,eef24b79a4f62186fe990ee776411deb,True,2,4027210
12,6d34ae3b8968ba3e36bee683c9a233c2,True,2,1845542
9,ce3b4982929de6289f999b344b9780d3,True,2,2561318
2,28f358cd0fd56f920da551b0b2a00107,True,2,4132184
11,43cd436fd4d65676219e3c9927dbb7fd,True,2,4115390
4,5998b828fe5ff4eaa8fec9ad1f689d14,True,2,2545553
0,8341289d425d022da59fce013b8b2cc4,True,2,2755100
13,5283ee16edec0f806f227e2d256d7a0d,True,2,2129314
1,6edb242311ddef61d3d81eca4f99354f,True,2,3701266
6,801862d79c0a5795f77ed15e3bbe3be0,True,2,2414735
15,b50972824720ed1b0a118b09bc48737b,True,2,3829261
7,722b7b3c326ea22c6e0f27cb730a0201,True,2,3385515
5,e063525be492aece36e45c7931dc2e96,True,2,2441987
8,e135525c2191429b1c400bab04299214,True,2,3944688
14,f89e6afbe2e2aeeb9b99d66319e73c39,True,2,3239148
9,2884c1dade21e07b41f208c3d074afa3,True,2,2607517
10,d5306b77c2307748fa8e93e13f657c0a,True,2,2842415
4,32f7847d0f2d115d100de98986b5efa8,True,2,1975880
3,239099c3892188bbd486193e8886e64e,True,2,3315636
1,c2f7cd64133d5f516306dbd10c6adc38,True,2,2466961
11,4a7274ecc368d83010cc58662ec058e5,True,2,2517296
6,8534eb5ab6dc43551361f7ae4c6a2f08,True,2,2478239
12,5fffe4ae6c91a5fb1077f675ffed3f45,True,2,3711999
2,6d77dd8aa72fb170ac50a4e7e7e70be6,True,2,4291456
0,1bb23a7493099971c36cee24e5193e48,True,2,3049777
4,8278805e71bdc2891e130bffb60c84f6,True,2,2032050
7,18d8bd2f56b14d3fc8ebeffad4ca6f50,True,2,2369379
13,aaf1cfca20007922980d6a3cb5097451,True,2,2397928
15,bf2d83a875a7ccfdb8df210e5a208adf,True,2,3330303
14,e245a0b5c6ae59ddfbbd5b39d0d08084,True,2,2142031
5,c6f8d4de800c7f913375244c50cc144b,True,2,2438826
10,32deff4a97af339e52a29fb1aab40987,True,2,2999213
8,0fad75efd67a110cdf69a226efd76a67,True,2,3801754
3,688655f48464f63789eae0ba17fdd0a9,True,2,4027187
11,7489fea2b9382dd3a2a53d2fa197e314,True,2,2328091
9,7c3986c909ee59010ba6dd998042bdd2,True,2,5436993
15,7bfd579ad5b50e71f45fbdc494a4aec4,True,2,2553245
1,dfaf8f0631bdcb19932b0d7d8383fe93,True,2,3057330
6,b390e0e78658f749be8bf33a93a9f30b,True,2,3424640
4,064b1d0e1599ad690a8e27f31b747429,True,2,3130157
13,841f5f921cab84eae9f76bfa7f41738e,True,2,3133054
2,91f72dd0023bbabe065d013f6516883a,True,2,3786354
12,66d7650e9464c348f72f452612207d1c,True,2,1635072
14,5f3e6ed663e069c6cdd04c125d97588c,True,2,3618442
0,111a095a140c1a925144cfb4e253238f,True,2,3357687
7,daf988034d5f551a267c0e404de5e7a5,True,2,4290804
5,06dbcce235259916aff5ca60d479d726,True,2,1983746
9,22f6ac2813ef9f95512650bc0a352cef,True,2,2535855
12,8ace7e69a584d06fb015314fbf9b8546,True,2,1959307
11,79330a5779e82dbdb18c0ff2a480f196,True,2,3683215
10,7b64b40ef67bea4ed067619e2722c037,True,2,5014372
5,d615778b16b7fd0aa03b8c84675d4fad,True,2,1573198
4,1d8136040e31d3005b6944a0b960d177,True,2,2713824
3,a1f3a370d25eeef35964c129dad74b13,True,2,4376421
8,33952c828b612b5716429c052ce3ce89,True,2,3822289
13,6786cfa85992c0208f2a51f20b7d0297,True,2,2687252
0,8a26e5a1b1f5969321f3affdad90fce4,True,2,2481440
14,5edca0d2814767f593cff8f22fabe7fd,True,2,2762792
2,15dd427c64908fd9c108361531b56900,True,2,3490015
6,be49fd49848f260f19c46cc651de5b74,True,2,4215761
1,68e98f81dc0dcfe89f372bc46da16c65,True,2,5540615
15,da2d07b51dbd579ea97f41cdc2067ede,True,2,3788341
7,c6b2eba40373b12f418b1d22314a9972,True,2,2748391
9,64bf5f704cdc203294b753f3e319967c,True,2,1691084
12,2d26e11b4f5bcbd44011dab33881aa81,True,2,2557737
8,9c52e1b61f01d3d52901c896ce9c1167,True,2,2544812
13,c831eb2c781df23c820bee4cae0d15b0,True,2,3212313
14,066b3825ff9422644b601fcaf6d6ab47,True,2,2911310
5,76887949a49be6b222e46033701f7603,True,2,3125280
10,48b02d562ec04c6b40017f8c9a8c8284,True,2,2112866
11,b0fb72b79b506cc80251e87a71f0b593,True,2,4716030
4,4d88cbe4cc0b2faba53e66f10db7efd1,True,2,3364993
6,984a0c246b4409cf53db643a2399f687,True,2,2983280
2,423331806869d5e9a5cd1c23c27b0631,True,2,3159120
1,6f7bd4664ec94a3cb4a2d5dfc539a04b,True,2,3163586
7,35a242c188a5f641416cb3ae07680a51,True,2,2621251
3,27286372cfab2afc4bea1977008669f1,True,2,5258491
0,e93f276732560df9815063ed23dd6d06,True,2,4517704
9,14871caf91241960725e24d7757551c7,True,2,3345790
11,748c0b966d6659082262f49c93906bbb,True,2,1743339
15,cb3794242aa1462451755d1085c14696,True,2,4536393
8,4e2bca12eeb981a21c81fa57f8afd585,True,2,2051835
10,643b0e53ced11f9c09eef9263d974411,True,2,2105759
4,b136386f335a3bc7e0708eba6d321a30,True,2,2617540
12,2b389afb73dc2caf2068ced665571904,True,2,4173479
5,bbcf4d8cff011933f6abe2a91427ebfb,True,2,2696383
13,f533c72007698758a61b0d949032cdc7,True,2,2081955
1,8b38650fc7ee13e21a4b17bf8f9d52e3,True,2,3173738
2,016f43f464782613ffb5d3d85f8f4253,True,2,3808322
6,20396a563c3209f79db28f9443d4897f,True,2,4908779
14,b8e21df3d99023a5ae0e71879ba1fb39,True,2,3267704
3,868da848e7f46784dfd53de368453b6a,True,2,2692518
7,faace6a2f8ac76c75273a1f18d806dc2,True,2,5062841
11,9953c198b1466f5f69b45a72fbf26bbb,True,2,3535736
9,0605a64522ad24e10a77be2bf0c95a60,True,2,3513698
4,76bf34babf08ac4018024c5f8331a3cf,True,2,2620600
10,680a2c60f1380d7e2dcd45fd1bc250c4,True,2,3039952
5,51a39201a92b4a565d5317b4220a41ed,True,2,2152150
8,09d701bc415810fb66f82e714a479b49,True,2,2612528
12,ceaa3dac1a9db73517b27ea509a8cab9,True,2,3761865
15,6788b9f17d9c64637df78d66a5fab7c1,True,2,3240979
13,89123dbf6f1e3e179980bbad5d4e91c7,True,2,3119760
0,61589fc53bb18ec2548136a78ef15152,True,2,3644320
1,76a986a0004ac8d3f5f5af5bb891c52e,True,2,1793065
2,c253d81ac7bda666b25bc3450d51f2d2,True,2,2364552
6,78f7d1c2b979d4426a075a735264cce1,True,2,2480784
3,ad6ffb693ab8240572e93ea203056a87,True,2,1998932
4,4c074bb84e9b957954ce2d7ed423e661,True,2,2075175
8,e3326bdcd5e1de48e860b34a34b67da1,True,2,3014086
11,686f9d4c978866880564afd402c111f2,True,2,2646919
14,2aa1ec61f9963019e98bc2711fd9df3f,True,2,3322861
12,811b8b2b323bfcdfaef67abb0dab4ddc,True,2,3748201
9,14e63940d6655de8aeb2a1a8f1f0675f,True,2,4837156
7,1479cfbf06d3e31a120ffd21452c45c2,True,2,4814069
5,070b4ceeb37f12303a4f3a81209d3ddf,True,2,3437318
10,824ca4cd827e2ce861a75d531adfcaf8,True,2,3516803
0,9592561ae0e49c8b4aacecc5cdece706,True,2,1749927
15,7aed43f8b4416cde8903bec247276fe4,True,2,2656245
1,35a8aea7076636c86c9911e885f768bd,True,2,3620914
13,e89194166f7e75fee7b5ce41427ea28d,True,2,3159858
3,dd70e379f7b9fe3d7ea01cb91f82509d,True,2,1314870
6,8630c545e530b7d9fd80242da20226d6,True,2,3767003
2,72dbd40ab1d5c08a2f58d5e6cb27ea4e,True,2,3209049
4,ff57094fa8ea2c979f44914d0d082504,True,2,2742210
8,c3f976518f5757d4df5b76d72a6fd7ac,True,2,4079285
14,4bd9156da81376a47b270b4fc954dabc,True,2,3134757
7,f85858f093959663be82e23f79d28bb5,True,2,4051491
12,6a71425a048f068a7771b7252fb76328,True,2,2692172
11,b90c8cb27ac1d5bc777949800893c263,True,2,4027427
0,409e180a2c8e4a9d4e5be4ae67cdefae,True,2,3088093
3,37ff7075ace6d9a7f38bfc91b18c5abf,True,2,2782787
9,4b756ed731d7bd2b1d9e32ffa8eb7637,True,2,2544003
1,0a8dae23a922c8bfaa6c7451efa3c6dd,True,2,2894403
10,6ef0cb50bf18fc8ffdb6baf290e4a471,True,2,3779915
5,7dc595e936d2e32f352b38af3eac55d0,True,2,4666622
15,c86273b2a8a453b1630fc6e72eb7db6c,True,2,3026783
13,1672a860ab38c35f4c749b01bd4fdeb2,True,2,4082130
4,4a7ce38bd43f0444d9f8572a147b0660,True,2,2144956
6,296463d3e9fd3bd92ed36b71a40fb764,True,2,2091428
7,1094650aa89f88eaae63c9f28e8cf0df,True,2,1783058
12,e71a0279cbbce63ad8bb6a6f5e62d79b,True,2,1901621
0,c0d18c116b26980c1c74c13e21616524,True,2,2808988
14,8c34b7ea9ead847c7c0c98158d60d028,True,2,3645402
8,10c091233b2a558b973f66b93942d22f,True,2,2036673
2,66727f3c90bae611b9a904d4aad4730c,True,2,3016794
1,0321eff874b08bf0480166b1d4cf4f76,True,2,3433138
13,2117681a41877ec78f3f25a1a120c9a3,True,2,2041083
9,41641f6a70620a57af945abb07556f97,True,2,2426800
3,db92930db678ce0281cec09a1ba5ab7e,True,2,3126940
15,cc81ad5f3444dd5e29a31c8179de269e,True,2,2418524
4,4b30d3913860bf245a55fd9fe57b6168,True,2,2557950
5,5e2ef793ce34e3d3c2c440962d9ef65f,True,2,3408719
11,f265c1b41007ddce414be71b58d1d7f0,True,2,2431667
6,2e68fffe49cdf6f4c95dbd0fdf99cb6a,True,2,1999539
12,b84f7802a2447f61c9599c65df2f0fa4,True,2,2584290
7,f0ed9bc08e74f5fe8a23451261ce1a42,True,2,3615663
10,c1abe8191cafe118f9915a0885c5135d,True,2,2626837
8,50419610f68becb578f18974e3595d53,True,2,2065096
5,a9dd0cd48cc641f31eb068238d34af0d,True,2,1721754
0,815cbf180d966486fc24cce7f083c9f0,True,2,3582840
14,535d253f2162e737ff5d0885df794632,True,2,2051223
9,97dd6ddf11ca140a3e67a9fdf3932e6a,True,2,1785313
2,a5f84450770b7a0a02f9806f8c38a798,True,2,2672381
13,6ddfaf09a403b3652b45ae49796b2866,True,2,2958086
3,a253dea264d5c7b0941ace729b13dbd9,True,2,2558633
15,bc12b401f773eeb9eb66e5554f9867ff,True,2,3961396
4,2b3b66432976ad250e2d4a8436148a23,True,2,2423431
1,eef64e6854e9130393d98cff6deb8001,True,2,2324025
12,e7de3a7947168e8d5774e0ddddec1e94,True,2,2697594
11,5060059b904b372761ac023c4b687d19,True,2,2941783
6,2ae100284af7073d6da6f8af32237701,True,2,4350186
0,df829a3a3c2cf765d213ed4d5302c5c1,True,2,1912118
5,c37e75945566d1ac8cef4198c459221f,True,2,2627470
8,6a1deeda7bf4c629e2cb8ed420916285,True,2,3093169
14,66ecccb5f5d6eb51c83fc491744c2a9b,True,2,2656806
3,dec1fbebbaea6e4232f65e337a217b26,True,2,2064950
13,d04be9992937d4c809d4a1894ae617f7,True,2,2108473
10,8c0b2923140dee4611008fc54b3d08ba,True,2,3740561
7,4aa41c082adf250a3b64a6f670eb337f,True,2,3921871
1,9650bd3c3ec50ace3fb7b51c52168cc8,True,2,2658316
4,d1492dcf4d55e2ef317ae0984e2f0015,True,2,2430513
15,d75f45761e9783b5cbc3db2146a62247,True,2,1334566
12,b3b0e41e54eb4b2d1e16819c8efba303,True,2,1938133
9,8f128e6445b76467cf7148e212668910,True,2,2502001
2,567f5dd09f17259826c2278176cd02f4,True,2,4474041
11,c423dc14ad4fb699eac7b285da09614f,True,2,2674743
5,50688f03b9052d34562b8e48e38b160c,True,2,2394285
8,a66ce9cc5b65e5fbcad88e838c48bec4,True,2,3330157
6,34f5d9f41c2d3f57224b90af2c8dca9f,True,2,3817216
14,98259463ad229010b971e1187ed62736,True,2,2359386
0,133f8281e3772d149c1e2177590c2f5a,True,2,3114115
1,9564d01b97c75e590a8176eb9d10e0df,True,2,2916372
7,e3d302c15511a98f55ec0ee9f4bf3dc0,True,2,3204416
10,8a488f31e7f7c7e9941d111836c0291c,True,2,3557982
9,89149e6ca2e872a33d9b656ff841b7fd,True,2,2552840
13,8dc38a0ca0cd61c09166e0098ff25bf4,True,2,2599174
15,b19ce816725bd2077a5123c1e65dff52,True,2,2152206
11,57c2757247cd90ad9e36cc3ec4719317,True,2,2817418
2,66cdd1ac70ee17d403d0d484254475d2,True,2,3798115
12,dab013a74e278e543cc8c7d2e17bdf00,True,2,4628315
8,bb7f27423ccad3cbc00bcbe197a3059f,True,2,1736892
3,2e0c6ca4ca5393796f740f30565489d6,True,2,4213740
4,b6034cd34b3c282e4e635b54826c28f0,True,2,3890061
5,9c82eb7d26c909f45e6defea4ecb6ce4,True,2,3800856
14,9b82604e4e1782c9a70fcf9afc2a6157,True,2,2429659
0,dded5c068c2e6f801aa6603aac30898d,True,2,3040311
6,067b821631db30bfbc89d5bd4bcf8b9b,True,2,2519039
9,f8711af637c766c73319b5c5a4021001,True,2,2522530
1,a492a45ac2a9f92355f13c3d5e0df348,True,2,3025126
10,f7bacd0b9bddbd8d5a8165d867acea77,True,2,2337291
15,dae887aab86a952ce12e832884a6b601,True,2,2097328
13,11e3c8c03f109f706b034a4c04bf706c,True,2,2445696
2,05216533324e0562c2b6e2ec3a74e888,True,2,2037546
8,f6d6ff860afa70b45a5e6d892f450a5e,True,2,2082348
7,af5dac3aeafc46efb29667e1086036d0,True,2,3334457
12,08280625a87fd770d2cf2125236e21c5,True,2,4096079
11,50cf93e4e0e0f04e7566920eee234068,True,2,2923049
5,871b0f6e89b874953c99a708aed82bd9,True,2,2485118
10,ed2cbacd8ae38a96678fdb55f545fc43,True,2,2204746
14,d7e2a8a2a3005c73fa903f98900dca02,True,2,3332367
4,af8c5f2fb5599b9dcbcf51fa422f7fe3,True,2,3805438
3,0c8a87cf23c256cda691fe93a669b43a,True,2,3522159
1,f44ad96b7b39f94e219b25b10302f540,True,2,3999280
12,9d0ea34fd1cfd5c55ddac47c0a3054b1,True,2,1758526
6,acb9ed42896c2c72407afb480196689d,True,2,3048335
0,8ad4b43f6564bd28abf7b2a9c4984a15,True,2,4223201
8,ad5f640d463b3f9bdf7a5f8085f81ee6,True,2,2179414
11,31108bf09b77888588ba4d47d55e6241,True,2,2558977
9,20be4a02435a6e8a501e6935211bea30,True,2,3119327
15,b87879ba6fe81de9efa93e3a2f9d554c,True,2,4736056
7,1fa71e3f27e77269ba53a110bd9a5333,True,2,2201076
2,4262a726510654a0b8232f36bf83c025,True,2,2784086
13,06368c3d8c019f5b1fa257c064219e3a,True,2,4535944
10,df9f59e79959259eb8ea8089f89b055d,True,2,2293622
5,fa33d5de3ec9d0357518bc8054b0b53b,True,2,2854914
3,b254f4ac7be7977c882cac0b3d8e584f,True,2,2323176
14,3cf697ccd75fd9d01b7be838b28dbc57,True,2,4181500
1,99459b30a8694d9fb6508d7b9642b932,True,2,3079512
12,325cc95ce108601de7d02169bb9a8917,True,2,4080665
0,29f307683bf07aea9f917fe2497f971b,True,2,2909967
8,9667cde42d5b1b43c5b9c2193b5bb0d3,True,2,2682274
6,8a9de42b83fc89efa68592294b084d7b,True,2,3229106
15,aa69677ba9449ef50cadf13f7bddc891,True,2,3135478
13,89fd9d6a8aa3672469bf08fd6d7efa70,True,2,1607523
7,047edf1aea9dbb20b31aa28247f719fd,True,2,1939231
5,44fe78215389f1ce845706c39dee535a,True,2,3377769
11,c856848f3ab1d8b58c423b71f110388e,True,2,3158692
9,a6876e76a8da46615d73b2dba736b326,True,2,3377906
14,0d92341ee3f501829b3eaf5336a45a49,True,2,1665294
2,e6ff3ad2eeb5cdece02ca910e13f9edf,True,2,2935856
4,2abf9d15e815025136e37604c1edd42d,True,2,5687685
10,f673b337470ce38e208950d45e3cd933,True,2,2883707
8,cc2feb479c565a0671e09d3534a86fc0,True,2,1989786
0,2556086eac5eff6766f3f7e79582cdc0,True,2,2595770
12,add5a8ec7d3fb842764b5649d80e5e7f,True,2,2464883
6,f2c2da2b54b775f3d414d3e1012f0216,True,2,2117592
15,b75be81d25ac0a5f01e9829afd7f2f82,True,2,2937153
11,a4566a5b14a36b3da052ac65749d3bc8,True,2,2599021
3,3e09bd98486f6715cc74ef9714d0b8bc,True,2,4855221
13,c05570189aaf1891d9dacf1191a0d112,True,2,2159179
7,61f5b3f08bb56351c835d7670dda414a,True,2,3214883
1,1c5e4d41031b3745b5016ded2a3cac48,True,2,4033754
5,d09a0b6ba645be26a09ceb5404341520,True,2,2701224
4,044003ea09c4e355d95d27785b4036e5,True,2,3343979
14,7578baf160b3398ab7d3deb898ff2150,True,2,2792675
12,563a9e34f018e09d75e9ce11d46c82ba,True,2,2537457
10,74493ec8f24330cf69a8e362ba8436d0,True,2,2765804
6,569dfa177079030cd9aa7fc1a77ce25a,True,2,1675059
8,a172fd902b55b93b66788cc3842f6d64,True,2,2461500
9,034e82414dd4b5751a053a993fb3f401,True,2,4636607
2,7c8e3b75496f8265627bc35a44a1a208,True,2,4590300
15,1f35805fe0c23aeec8f5b69b484fe5cd,True,2,2047518
13,50a1a32c814cc1a39b8d7b69208474dd,True,2,2296666
3,7e955ba111b43b305a8584eff51b42c6,True,2,2721879
11,112392d921557153788291cbe5f98946,True,2,3323310
0,d48226f062d72d30fc7309e691bed002,True,2,4705887
1,0b1a00b168597b64517d919598775b31,True,2,2414105
7,36b8c401490c5ff3e3b8700ca8581062,True,2,3279520
5,fd13d01aa6550e2760281cf2bcabb6f4,True,2,3366983
2,2b651b952793c8ef2ebec48ddc32835b,True,2,1759459
15,8886a002aed427ffcc5755f6e908dd85,True,2,2122998
4,61cc41baeb60dc65f0b4cc97fe3b4254,True,2,3156980
12,3d52be38e9565d4f33a2ebdf036d1692,True,2,3486807
8,eecc7655fd8775e061610dee1fcd6faa,True,2,2938725
10,aabb2a4fdad63b3f8d2f7f9aaea5d5d0,True,2,2219150
14,041f7cdfd384f0245388f0a45fe3a24b,True,2,3449617
13,52fc59c66ffaa5099afa08e6b06162f8,True,2,1714144
6,ae65b88f82341c9401285d01e16a2d34,True,2,3100537
7,13af6f80294df64b008810ed6da7d5c2,True,2,1863841
3,6f13894f83d65c2c842cd6084ef3c197,True,2,2957334
12,0562bc360b6558c8fdbae9d99aacbfbd,True,2,1895311
9,ccca717b0a25fc9693763ac15ee47dfd,True,2,5729085
0,de8acb9b101309f4ad0fec68ff5c0fc8,True,2,3449415
8,8f2a8a9cca0d368cffa6c3c757a6662b,True,2,3148223
15,0a77d7711bb276bbd0c3b14b3a937a41,True,2,3000288
1,5ab42c8673a303fe94a15a701477a83c,True,2,3914705
5,a92fa6ee72dea4d25f393cdf6a15d9fa,True,2,4432102
11,d1d27d12ddfe487eb80e7252f47e3481,True,2,3483245
2,5e32898ab21f2adcbd9e2dac2b56627c,True,2,3378116
14,41da5cbae75780c7566b2e5a6e338740,True,2,2536413
3,a1958dd90311b8b701b9a550cc65699d,True,2,2201084
13,82c2cd4e74b1befa02a861c9019fe6d3,True,2,3334063
4,fa4c723888d4b80a6969c19e5fbfc09c,True,2,2857422
10,d8bcab88d53b83ccbf14e58ea28af8a6,True,2,2998950
6,cb6ae2e7931a3d371ca5e2457f4ef41e,True,2,2162365
12,20617fa72947c6e6d5d30af6651a197f,True,2,2443199
15,e1076f22d8caa806bfd4c19baeaa35d7,True,2,1774063
8,b16b4559e0d605d08e6dc284eeafac25,True,2,1083869
1,043e9e3931b6ebb1b323049be11e6654,True,2,2267948
9,00d190d36d81a60069ce90e3cc2a829e,True,2,3810530
11,c106875ea114a18d50b401fc82fef16f,True,2,2193282
7,48d4ae8826115b2e4afc2a129c2042e2,True,2,4783106
2,69e1bec40d0bdb851be192a3f426d648,True,2,2649110
14,7b5815cfa2eef5843802c89802e1b7d9,True,2,3154766
3,400b913e109ada5573350d50dfdef69f,True,2,1981651
15,d15166c090229e87e20492847c6c111a,True,2,1616998
5,ecc177298ff1bd584a89fb4999f5833e,True,2,3539013
13,564fb2f481609cc2821688b712ecfc5e,True,2,2704717
10,fa6138d7d8aab59140e3c9f12d590b5b,True,2,2803234
4,f6039b8e7b3aa90af62fb975d97fe04d,True,2,2734217
0,440631aaf14b014052ab003ab8740c92,True,2,5352859
12,ebc7801b90af1c9e60b20e15477e9650,True,2,2402033
8,8243317b2307cb082313223fcce645eb,True,2,2787463
7,60e3857c2fff1b9ff9bbc9196e769c23,True,2,2058649
14,e73433874e4c8e386c2d071a100a4831,True,2,2319828
1,bf14eff7b389d71de9e4aedc8c950bca,True,2,3306958
6,f8ec0d71fd3b3cb8060b9a667180af1b,True,2,3414597
4,95ef39ff7c7266403f71c1beb8f91eab,True,2,1732399
11,edb8a3deec04c6d4502dc74a1b1dd3b1,True,2,2979055
0,15dc8a58ee8b6558b92af545f9a86951,True,2,2200675
13,7b3b5bc292e0e1e70619e986e9060903,True,2,2913690
9,c2afd91aae0d080664138961270d7b95,True,2,4976919
5,d642d22e498233a6792f6e0ed6ce73b3,True,2,3260688
15,bdeab8b1f1cebc8d358e0b139c2d7079,True,2,1955641
3,67d5d857999b9c6a22cd7ad2c74f471e,True,2,3036940
2,4ca44d4be36fdabd0a970ad5596710d3,True,2,4280321
10,166dce9ef136ead4527ae1f03c850e6b,True,2,2776617
7,e78f36f16da8f2fa0de9eff6d7a57342,True,2,1596993
8,d53492a59c595e496e37a9f9213066f7,True,2,2870929
12,33740713fb4c6ad189280d702980b8bd,True,2,3791499
13,4ad68140df0695c265c86e8e58af3694,True,2,1649426
1,733fcde5759b9519e72d7d847240b113,True,2,2999851
6,3dce579e14c3fd179630e4d9c73e8fa1,True,2,3678468
9,d5c5363d6572a5e3cb9045f94ff075b6,True,2,2448599
4,41556d26b7a1be5b3e486cf7da3af8bb,True,2,1442151
0,5e83b1bdf1b9e1fd2dd601fe4a7498af,True,2,2886037
15,a59816cdab6ad33b23c09355a92ae043,True,2,3054739
14,f724de9e907d32fdd8c5f1a7ab3856c0,True,2,2749305
2,38b1089057fc891b312404201e97daa4,True,2,3118712
3,8cf9895aa7a9b07dff333eee728b81c8,True,2,2150755
5,dcc47514eddddccf73023791887c816b,True,2,3004161
11,f651326c4b2027ee328a873c30ebf721,True,2,2603681
7,8ff0921dbc6727a777d6d9c90f1cd478,True,2,4283746
8,8282fe470b9af7bfae7f0c6304b96045,True,2,2379852
1,081632175087884352af08dada32e4de,True,2,2252831
6,91ddc9522a1748e926995744e558ebe5,True,2,2333223
10,a76b30e057b34c647bb781dd3b527a7d,True,2,3628687
7,c250d5141251466e6f5f94f5555d00ff,True,2,2033183
13,6efcd1288f625ad39410f0ea1ec505cc,True,2,2826418
11,9860ec872e7d09d1908f146f9f7b13ef,True,2,2678009
9,e7a4911e702ad06a651e8cc48dd6935c,True,2,4054406
12,14430602ac231e9eaccd49c9aeddeb1b,True,2,4201192
15,57bcbd9bc596e21ca8cb32032647b4e7,True,2,4391346
2,881b7596c1b62e03387b6279fd485647,True,2,4093554
3,bb377cb40b987c68c5db26a1c7d4772e,True,2,2596439
5,d6ac67c7f96011f7bde4ac4713cd9931,True,2,4225513
4,3f9205c4bf8e0e01f84663c2c10ba777,True,2,2635351
0,f8830af053d487211c40494a3d601021,True,2,3116581
14,03addcef8f51730559a07f742c28b2a7,True,2,3063105
1,2f89b86579c2695c4007065b3db4dcbc,True,2,3607769
8,f519897517967fbfc9d8c391fdda4da6,True,2,4660386
7,5c51afd86a39281546551132a188cf3c,True,2,3007116
13,b1765b9373d0cfd63fb9891f72f5c863,True,2,3775698
9,c27f7df372a897e9599a984b22b90d5d,True,2,2375409
11,819ad68530daba499e4213882b9e7f72,True,2,4000437
5,1d63e3a5c78759604da50020484f4e45,True,2,2107562
6,c81bf938c8754e295e180a1d1f08f3be,True,2,3184382
4,a56625ad2e95e4568584d424c66a0201,True,2,3358183
10,828a3efe52874729c8587514e71e4d26,True,2,4017106
12,ef99305d0dad8826698ec16198c8160c,True,2,4232995
3,f92dfbce62ba273f2b1b4e577acf2715,True,2,4847025
14,af0c88b3fbc9a5e4cbdbb7b17ab49b86,True,2,2614153
0,6fd0c22a9f454eac1cff2b2a30da3740,True,2,3276355
1,0745521a9212da5efbb1fca780b11f2a,True,2,3474851
8,8ca71a0ddc5346c002217aee3f34796b,True,2,2538341
9,896d15afbe857171d41befc52d2d30ac,True,2,2009825
13,2195f2cf6c05754c32addd2e323be067,True,2,2556917
2,930da9809f078284435e3a80c4cddbf3,True,2,4583496
7,d4c7773c29acc1d312c284074fc07ad1,True,2,2305576
6,264c59ee34be3012cf69d9eed69aa7ec,True,2,1919444
4,e75fcae17308a310c507d41cd666bb14,True,2,3265127
15,5d6af76cacc611b1b4d945782377167b,True,2,5396370
11,97db102ff30268018da53240371725b0,True,2,5012463
10,21dfb86845c2220337b9fe56befe1123,True,2,2692115
2,55d8ae9e48d0b8c04fcd2dc9f9ec6ec6,True,2,2399180
0,237d16d745ef19baf20ace5b368da890,True,2,3028641
14,99020b04b77780adbd9df799e3044075,True,2,3015163
3,38d0eb9cf3f1d195885f97b13aa6c514,True,2,4463001
7,5ed7339a34ee9180900fd99888896517,True,2,2460098
5,a56b12e8ed2342705156a7a3e7470649,True,2,4971007
12,bfb001fa2474fe9a3984116101da7754,True,2,4309700
9,69afa57bf97f6aa981f71811bb7a3e7c,True,2,1728266
8,07029b071c1b1e2e7d18233bfcf07c53,True,2,2271328
6,03fa0c4166ff81ddc9a1ce9ddc15ca4f,True,2,1678659
1,d5f6865e47aa30110b50d556273b65bf,True,2,4193760
10,06bff09bf7276f21f8979ba551ac7834,True,2,1693824
4,c848ae91c104c40d10b66c1607d6993c,True,2,2935400
13,f3870e0905f8a5f3c9c5307962c0a902,True,2,3797956
15,0442d496958bfddcb2f0e009484a7618,True,2,2090995
11,ab33b1f84732dbc6b11e83f23d9bea7c,True,2,2434517
7,76bfe3e934ff1d024154ac9f1e526623,True,2,3724991
6,9427fa1b7c577525c319fd299ea4faf2,True,2,2326591
5,0071f05f4913835e3ae2c6ca4417708c,True,2,2971611
3,c743c194e72f97186be4be270a1700f5,True,2,4065288
9,81022439c65ae8cec9aa0cc603444ab5,True,2,2521837
1,8848358f09a51d67bee4803605859c67,True,2,1656308
2,8b5e62552f79dcf0e14f8ea254a382f6,True,2,4743002
14,d38503b69fbb6b343a50fc3f500a029f,True,2,3402372
0,ff5e6760894558b93439f179bebdf7ea,True,2,2976672
12,21970bd7d6f2f6db57e9aa6e56b3adc8,True,2,3410115
10,3acfedf331d33f28f190e40c45d67e4a,True,2,3825655
15,acaf0e3e1d79c099ec7e65251dfc758f,True,2,1238287
8,ba8c95ff129a59f052f37ec455726fe7,True,2,5267295
13,bb94d2dc6c3ac2a46ef76604fd81e46c,True,2,1639985
11,08445ab59928a4aa024c2db857068fa1,True,2,3293757
1,82c572c8ab3c000c670fa9b0cf15615e,True,2,2376028
3,4c0ed3dcbe76e0246ab4a7306a15aebb,True,2,4273063
8,dc896a450f311a47fdb5f8d6b46ffb00,True,2,4271856
0,b0e533adacfec2be887eb7703771d881,True,2,4366674
5,ee48dd7da2e882d30a8e5fe2f0e20a02,True,2,4981474
14,b413a24989c4a0f89c2b2fc38bd3a719,True,2,5213850
10,c73d20a68fb6c96b80a4bb9bb48f00f8,True,2,3833048
7,da8208b2bd730be45382e7540e8827ec,True,2,6262387
2,fea3e34518617dfeffabdbf1deca0395,True,2,4036160
4,c03241c2e28d7f0e0b3939cc66000bab,True,2,5489292
15,87b836151020b96ccd4bc80723f88096,True,2,3850766
6,cf9ef30a512f2eb76620b23eec0ecf61,True,2,3793482
12,52634c25b1df288f7c08ad313b80bf17,True,2,4083573
9,1109e4e7ea2a8c369cbaac5b23e98890,True,2,5250896
1,4dae5e02e063d33dc413a1aca4b38a6c,True,2,2304029
13,59e96aa8c2b09cc4515cdca0fdf1e6be,True,2,2220451
0,851f9a11075668e7fe5723e2b9a7d30a,True,2,2671667
2,18b331d4b9b496834e415eb6bf65a2d4,True,2,2680037
8,033b23ae2150203b0f71bcaf5c9cd3cd,True,2,3517275
7,4f6c3a4842ea9833dc627404ea5176b7,True,2,3509331
10,e38b15e4966a9568a93e047fd71354f7,True,2,3226815
11,2bc956ed082cd71e05268f4f6c837c28,True,2,3437541
5,b0f41cedc3058c84d8c128ed2ed6c4b9,True,2,3310871
15,e278d177b4553be1e84651e756f08078,True,2,3742983
1,109beff9e4eb9f87ae51ddd6ad2e5a76,True,2,2174408
14,c0d5cb03b749487e16173a3fcab25859,True,2,2570901
6,fd562d4cbe3bcf75b29cd013cdc9c9f0,True,2,3650772
9,1adc603b72e40b5bb2635987ffd0e369,True,2,2920596
13,7e451dd73a86408161a5d67dc705614a,True,2,4816322
3,031eded37cd6db6a19b9c1bac700220c,True,2,3744957
0,1853e2dfc8e010623d49401d2dcaf9e7,True,2,2402961
4,18383a7b2c52940a5f2a943dba3db2ae,True,2,4179956
12,5d021cb670e75e2bf599efd0bf8e6b5a,True,2,1587709
10,152c39b6bede1c5a42e7a5208fc53122,True,2,2988448
0,35562230ac1f08bc75cd9dfa7d54404e,True,2,1375359
8,30bd44073e5d1105d5dbceb6a73ecc95,True,2,4218361
5,c7cd7e63785a1f40d573c2f5276dd416,True,2,1902152
2,728e6b8db4be5edde829968c1d56fdbb,True,2,2489304
11,f951c9b28a0c11a702291114f34329e3,True,2,2952601
15,b1f6b22df4883f33cb97a3bddfc22267,True,2,2864177
10,444480ed5186c52efc0f19073947cbf9,True,2,891953
1,988476f648cc36c9dccb95776480a0c8,True,2,3004770
7,43116752d4d23eb316086f0adc44fb8d,True,2,3511136
13,096c7eccff6bd5411df0c46fe35a1f3e,True,2,2451864
9,72671364a8edb65bbb2292439ee5756a,True,2,3200362
6,5296e2db6713a9418c33e260be18c9f5,True,2,2908413
4,a86f082b1c738683efdba402b176c875,True,2,3213934
0,6d0010aa5f87351ea8fd2ae2aa11de30,True,2,1853768
12,41a00ee45d09eab1ebeb0d5ad22d8757,True,2,2545857
11,cdc3ed3405a00307e31b308266f1e0ac,True,2,2346408
5,f0474f08aa7e3ecc00145789fd7a3751,True,2,3432877
15,f3d825ba69289f4cb4e8b7407814b7ed,True,2,3071271
2,5accb33303739554f4579bde7ec61279,True,2,3039288
7,4e3c2334e6ab48a41e048402aff4f688,True,2,2060185
3,0b1110cdc4b8db8a6a14bc5290af1b3a,True,2,3472192
9,8c78d4401f78cb2fabc64537c8513e3a,True,2,2513181
14,b4a62cd0fbecf2c7a0c6d6364daad7e4,True,2,2805128
1,5cd18de3602c276a4ac197fe131ad186,True,2,3264977
8,efea9e8acad478614a7e0d395956e42c,True,2,4319838
0,6bb8b53336549986b3119e0258a2e8ae,True,2,2135222
10,9f7abcb7e9fbb2b04178ba5d8e0a60a3,True,2,3817349
13,0bd01d588f0ed1683a41c5f406d72108,True,2,3318199
7,6a091d9f3682dbf0fc2ad7c6c04a1000,True,2,2227984
6,144cd0ba94ff02c27cf610a8de177ed6,True,2,4618645
11,3c105096aa568bb17127196cfd3f6f67,True,2,3361555
4,23776a4d58a17323f1b64c39095ce689,True,2,3768142
2,7d8c4b6c77266629d0653c9efd934bc7,True,2,2042262
3,55e7eecb7593a1d4b425d1d3fb278342,True,2,1189587
15,955e6d3c6cc8d2cd3d612fc95613b4a1,True,2,3020652
5,d131d7b26e8c49ebe8665a3df5d03522,True,2,2996634
13,3570c315d4f700e85afc40a8ed4b11db,True,2,1733492
8,9efe0fc0d27eb91f3d2d6e5c648f5e85,True,2,2954960
14,a1b5cc22ce86b0bf1a9738ee4dbecf58,True,2,1306342
4,399eb89f650951b9aaa3fa3c438b5281,True,2,1867764
9,12541c664bee9cb4c11e72ee0bb525b6,True,2,4947517
12,5c661b1720f5c1d1d5e760346f411b1f,True,2,4001818
1,ee7d1701c219613aff6ac3e602bc572e,True,2,3944507
0,bebace23f64f37958f126307f1ee0e89,True,2,3418573
10,3e006a7b3ae24ada935659800bc8b863,True,2,2071859
6,8c3fd3fd56776b9d78640b39a6fad56c,True,2,3472704
5,7011226652be123a41cd5794085f3615,True,2,2496663
7,3c673fba77d9b098d3188dae8bcb69a0,True,2,2857434
11,27ebac26d4e60dbc0ab8e2b82724d011,True,2,2976258
2,c05c1e48927c6c0d5d7a8987b1909841,True,2,3515210
3,ae29b71e9137405c3196425f76bdafdb,True,2,2463904
4,3f8f35f5795ed4d5938a44fa96888901,True,2,1871779
14,3dad9989c8ea819f6dee913e2c9a89ee,True,2,2856761
13,43aa0c188ae1513bc08599ece07b6faf,True,2,2628781
1,31e160c718b002296470ffcc758f5988,True,2,2037819
15,3fc5841741479125e20c6f447ac08318,True,2,3356907
8,3d2c77ada722fb194d09099f3cb3346d,True,2,4266959
9,5bbf4ceb26b865b2c0861ba01d53ac05,True,2,2238705
2,273846c477e43ddaac38be8af0a3bcf1,True,2,1811081
13,b7756bddeefa0992a5a5b23f3c4e4d3e,True,2,1469543
14,ba1adb1965ada3452f057c36c1746051,True,2,1691999
12,ee6ce73e35500ea86a06e9f2d52c45cc,True,2,3307788
11,b5e3004f35fc5a460366922a775d2405,True,2,1995526
10,b0449b6e1bad81ab40e7f9358db624d4,True,2,3646294
5,d9ebb964e8c4f0f5e69263d900045fef,True,2,2934182
6,ada1e7dd2405f049f8bf12c6b9c120bd,True,2,4458858
3,7ef694011bbd2dbb2b61f3965d1aa3bf,True,2,2853463
0,554a3ae9a0be0a3e70e5217a22e8dbb2,True,2,3685854
4,fac12ede43dab27deffd057cfbf2138e,True,2,2599574
8,7e27a03fbf8038bcb30526e19011875e,True,2,2583419
9,a8df3f6ae771535090b1d0282c7789e1,True,2,2137586
2,5cb0f5e5ff454c130c2d8dc6333dd7f5,True,2,2873305
15,d0015aba58ed7ccb7dc8d95710110653,True,2,3738166
7,19496fc342a0ba33c9077a303d0d1037,True,2,3684715
10,6f6acc53aef0b088c27dff967127af35,True,2,3454809
12,9561783fc9285f1a58fdb07f7b1cde3c,True,2,3237378
11,69a84ad0fbd414196121a43236e98012,True,2,3225128
1,3be9b8dcf013d93d83966da66bad5c42,True,2,3229441
13,2da5169877596721186d74003fd529a2,True,2,4093987
14,05f941722c54f080f5471287d2767c39,True,2,3252483
4,db02c1f37a8cdb42e95d5a7db1c7f7d1,True,2,3518067
9,53ae5b296fddcd34124ad3727e0bee59,True,2,2625227
8,f49663d6983c4f1337011586be9eebb6,True,2,3858078
3,c9703a627b817f6b45d6171cb5109b7f,True,2,3100163
15,d4eb6f68e774db73d24458f4370db6be,True,2,2492887
6,cfe7d808d1d59a623ea945b7a1919c8a,True,2,3788134
5,ab72faa0ee13ed283105b13626451ace,True,2,2249804
2,5c3b08fedacfa4380cdafe0af0da870b,True,2,3670433
7,91647dd36f6a783ab9bb483aaed04c4d,True,2,2785153
1,63591f0ad0affad7b11768fe87aa7790,True,2,2412909
0,ba6fe43a9343c62fc2032cf80554b887,True,2,3290444
12,5be76d0a13609cc050aa6ae2bb38e839,True,2,2798894
11,798a61d287f7545732daee5ea742deb7,True,2,3928509
10,4ed77d758f3565700b8c5c0056a37152,True,2,3722385
14,2eef28e0d3170ecc347ac44fe2bc853d,True,2,2716370
8,749ca095993fdc6697f860a7f93c6bc2,True,2,2847121
15,2fc32b907c293198d93c3882c194946b,True,2,2351489
4,b30e4d51595718ddb2c0f2b895c3ecd7,True,2,2671632
9,355ea5a95a382d1a10a92278f26698c5,True,2,2941887
13,fb9012916703cb279e597308b730d802,True,2,3181080
5,c181762f1d66faf834768baeed2450e2,True,2,2865683
2,d282ae40ccc04deb00ed57213445abbd,True,2,2548376
3,5168e926fb32e6e4788dfc3829b3d030,True,2,2062318
14,50975f6ed774222d10834277875b827b,True,2,1687856
6,2ec42827ff578a947cff9d1ca15c58bc,True,2,4864698
1,bf0e155e7eb1ab263b5d5803a4d49fc6,True,2,3202028
4,2b12853ea207e506b593a13d4ed63b59,True,2,2261574
11,7d417ec39a6541ed1ec16c8f819cd3bc,True,2,2886562
10,7dc9bb6e614f13aa56851bd5befca52f,True,2,2883459
15,aa43d996a7dc414b126166c9ad9e2743,True,2,2588210
12,4278e0dd1fe80a1ec66a877dd04e55a5,True,2,3709285
7,462e91a65394448465c56961a76673eb,True,2,3803284
5,cbb13ac01fc6e81ab44dfb4fffdf3ec9,True,2,1970072
0,93343a96c59ff5c96a57f12fbd99f571,True,2,3648818
9,8ad53f40537c699cb3976503918aa4b8,True,2,2177284
2,57956865d790cd7eb5379c9c77db11d0,True,2,2301634
1,77a3d15d4f88a89f757b69e527c2fd53,True,2,2391690
13,e8056e07d55c0b217d4e6c370468f736,True,2,3195160
6,88a46dfc9e2421ac26cb828c86ce0b14,True,2,2759292
4,e391526944a606dc6630f65ac8ec8a61,True,2,2284121
14,59f2bc6aaedc1f4b28f960bd2a600afc,True,2,3809066
3,3585246701192ff23602d625bd10a785,True,2,3740201
8,694c6f34cdfe0544a5cca81a69ee0d10,True,2,4575231
15,399ea14336814a16db68349bda38e9b3,True,2,2472776
7,c62a5616b8e9c7624fd728e19868170c,True,2,2746893
5,647df1f8b3e8224f3b69152c8a6bd595,True,2,2555513
10,02c45660de9e0759ba2d3b305825c4db,True,2,3922306
9,99d9bd2537887fb03e31d21be8e19b64,True,2,2334073
0,5bbe90b7d2a25cf646642ef7eb14aaa5,True,2,2755343
11,d9d29eb20e0d09e0d8ee648960cb7f3e,True,2,3683506
12,87e188d4ff4810ba6a8961633282fa01,True,2,3187662
2,2009c777ad87c63541ad43eda858a72d,True,2,3263557
14,6b84bae71208fe0ce7b6ad7cc99ce957,True,2,2015991
13,cf05fa0c1b026c080ccd63cf2f802d42,True,2,2117013
1,46cd8dc032bbb0f9709e4b29955c4c88,True,2,2285366
10,90be3baf8d9bb5b55b8a431e6fc67dd3,True,2,2612731
5,32293bb793f4fede975aa7c0d12a4a45,True,2,1958809
7,98f094c4c6344fbdccac5f9e778bf457,True,2,3351791
8,0566b4361bf28295313f81c6004b0fb1,True,2,2912529
6,f05171be8b2b8dba7f986c6b7b98350a,True,2,2299541
4,cc7d23cbde8a6787fd9236aa1232c9bc,True,2,3296581
0,63741f98b6872f7f698810f8c50966cb,True,2,2199536
9,c1fc139892bd23c93d7a1e4ec8e538c8,True,2,2903545
2,8e8a443feab62b19334afa05abf4c560,True,2,1628018
15,c78d87d02f8e3d41fe1a8c5316169dc6,True,2,3556668
12,4216f54efcdd6c6114a36b6f3c63bbca,True,2,2535664
11,01fa7d88a6ff813d6858ff71a94ea953,True,2,3855987
10,0938e29fcb7d83bd7f130771af7ffde4,True,2,2520486
14,a8c83d3ad8696bbda4beeff16b2dfc03,True,2,3954891
13,162ab5b56c2a66cbaf4a44dba9c0033c,True,2,3406851
6,5f3bf8bd4cefe23bd17d85a7f94c75b7,True,2,2150716
3,f749f67c29979ad619689fed1296a32e,True,2,4577462
8,383adc0dd9455d787ea93c4e237ec542,True,2,2403523
4,0004de6da10f66fdcf904b76aab03587,True,2,2409753
2,cef7ecacbad525b373b1947680cd1ac7,True,2,2720051
5,66fc96d901f094386b40028a3fe6fdbd,True,2,3535849
15,515475b73d75d7c42941b5196a91ca55,True,2,1995928
7,5a299f5f6275b6c2213ac1585e01ffa3,True,2,3000135
1,4f1da55e11184dc9ee2568f5aa563396,True,2,5291029
0,f7f0c255755a465649c48dfae16c8473,True,2,3035203
11,ba57485a0263a73fb2051c45009e97db,True,2,2651125
9,29f78e376586606157e6d7382cbeb9e3,True,2,3908247
12,8f14d8e3fb3acb33f7f7888b7b485691,True,2,2864282
6,abf3dd161f4f252886b0de03bfea5002,True,2,2286732
10,f00f3a0c346f3a948c25a265abe73ef9,True,2,3451772
14,a210ffbb35b7d9ff2d7f12a48735f6b8,True,2,2765559
3,6661cfd23dddc4961ced5248ee1af943,True,2,2634395
4,6d33a1289487e4bac7bbcee3c974bed2,True,2,3920404
2,651bf4d6ec51e020553c9c53928d99ca,True,2,2209718
13,15dbce189040593e643184c5b402ba7b,True,2,3380484
8,9508576d7568f7ce240950d506a499ae,True,2,3313248
7,98ef3f7ed2461f7cce9c9d927445df06,True,2,2902713
9,09b393ea7011f95586bfb0a5cf292c2e,True,2,1977043
0,83722830ac244ad27d3ba4ecee933060,True,2,3673988
14,ab94a1ac0258562e782c649eadf7c7b5,True,2,2152113
5,0c6443122bc648874482aacbc9fa3b32,True,2,3998042
11,466a08b6a96d26fde6ea4178a22e4209,True,2,3013774
12,04c0ca66299a778a5cf72396701d21af,True,2,2755455
9,7179370810eab65ed7fbb66d95e39155,True,2,1042017
2,749ccd52d484ef71e46b1a711c3956e8,True,2,3058918
4,4a9c4ff782487f43f6af90d33eb919d1,True,2,3066875
6,fd5080222a448e1d649c43cfb3ab6e7e,True,2,4155036
15,94698da4fbd06941e4a43ea3a11eed17,True,2,4000657
1,ae97791084ac1058f012f4fa6fdf9f2d,True,2,4805158
8,14948101582740c750c72e4f96460abe,True,2,2969165
0,5c971c0315440a491b87ae2fd6feb2a2,True,2,2213313
3,7bdd1e5895904af4b5a26307370c7243,True,2,3347098
14,7488c45d2dc7b7dc4194e9a0398246d6,True,2,1319535
7,40e2a7d941b1ac820ad303a1956a6246,True,2,2401784
13,50b31c1c7ec2e0b053d63b44dc5f4e34,True,2,2365656
10,30d85e87601ab423530a8dce16249318,True,2,4668491
11,909f549d972751ce6a724ac4edd74730,True,2,2095284
9,7a8a3fbf2090f7f8d0465a2a199afae1,True,2,1779820
12,b6339cffbbd164c67b949b344cc8ef7f,True,2,4104894
5,0605d94684208745863f5c6a8f20cbdd,True,2,3967135
15,5371854c7b438574cdf08573ce03be56,True,2,3371820
4,8228236264ca6e121ced88adcb314972,True,2,3013950
0,b484b2ff021c1378b1e8698815fe4903,True,2,2324535
3,23078a73f48b45c5be37549fb6d215cf,True,2,2395232
2,229afbf5f29e039298974c88a4af9e21,True,2,3074463
11,7e51a50fcbbd16783745a2a906661afa,True,2,2774706
8,cd542a43702148fd91bbc302cd4da4dd,True,2,2154739
6,c9372f1af9acf4741b7495cc4cb86ba4,True,2,4361355
13,e7d343498f9b7722dcbac9bc66d18d1c,True,2,3010296
9,a4bc3cd05f37d918124095d1fa0d8011,True,2,2976373
14,93cdb8c9c433f90033f383add3193301,True,2,3499003
1,3d8a06be0f01bcf0e0a1cebd91d8bcaa,True,2,4512596
5,8590d2de921a5c6b6157b758b2cbe0d9,True,2,2244989
4,8d420ff5d1900bbb44bbfadbb1deea67,True,2,1760084
12,6ecd9fc4bb96c0747bada3cd692fb969,True,2,2942060
10,f65df137cac2ed545a6f07eb96ec04a3,True,2,2178522
15,0f341786b3719de010b2b0d238d81c56,True,2,1993275
3,0c3db823402c59177d4884131473e8aa,True,2,1689664
7,99e8cb0e3aec02e9aaf1984e08b579e2,True,2,3645566
2,9873333d3800ab79eb68ba6fdf34fd69,True,2,2787987
9,ff3505d94794cc9ffff24bed6d916387,True,2,1985186
6,4a8bc2d61ef6d6725470f69d9f77eb06,True,2,1989297
1,0024c06bbad51cf648268ea9b8115849,True,2,1752556
8,a6f33006f43eb38c21d0e7465a1e4916,True,2,4522605
14,7e7b558cd95a589a7e1223219b80e2fd,True,2,2837551
4,9c713f727c5c28cbb16fe2c351cdec8c,True,2,3132157
11,3ec0efb6ec6078bd1cec01e884ccedaa,True,2,3081863
0,c8066eb19c5e55a822da52eb53eff3a8,True,2,4209074
13,00f35214d8fd05130ec807c5e2116006,True,2,3887134
3,4f9b2743eae63fc91ca3ee4085c7f347,True,2,4161550
5,929543edf8b86b17afb4f5fa2223f0b3,True,2,2735755
6,051c40298ccf9327ee5449320802dc32,True,2,2172793
10,0a772bc8bd3816275df47913c342c6c3,True,2,3126689
15,64adc53db3598e7a189d99747308876b,True,2,2224308
7,b8e83d64c44dc42c0d80b1344ebfeb3f,True,2,3376844
9,103f850931834bf6e694b65f3fdc1fea,True,2,2379325
12,8efd175fadfdcbe90354334d6bc8a378,True,2,5209821
8,da0f86f97937a42bdb84290009b6bdff,True,2,2640408
14,afcc257b0bf89989cccf8efbd273c9b4,True,2,1852345
2,cbe57f275d4211b716736a29b456aecd,True,2,2851174
0,a974653b5c274620ecaac31dbffa17ef,True,2,2675162
1,9ebc213f60984839c4148d3e8c1690bb,True,2,4829133
13,20b1050579cbe19138dcc72e5a53f64e,True,2,2173524
4,23b9beccf8547a358b6d33ee1e0e8c79,True,2,2386676
11,02898fe58f33756018ba142530c902f8,True,2,4185456
9,4e3ec575abcf22e6e8e59a99b5f54b32,True,2,2217146
5,3c792d09f2928800f0c66bd5d3e47e44,True,2,2673545
3,e269403110878952606bbf26661ac768,True,2,2574978
7,0abedc3a018d63ca5de84360f86f46dd,True,2,1366172
12,a6f7129c1367d4a3ca7d9b4b4e57281f,True,2,2834241
6,ebc46d6d931a76f8f543a3f5f22ea812,True,2,3038609
14,a05d54f3bf0244b392fd3daa2ac0181f,True,2,2536046
15,cbbd1eb2bdab28710edd96b3343a0ba8,True,2,3842262
8,ad57526edfad2c9b51af257826f22a4e,True,2,3713853
4,9fdc9b2028cb4b8727ff78b094fb2e1c,True,2,2774666
13,1f36e5967ef31a8c98ce26407c743b17,True,2,2896458
2,26b7620261f237dd84eeac55746eb6ac,True,2,3491175
0,82a2b1e35a47cd13afee36045dae9c5f,True,2,3130941
7,b2a8e74f059699495496cbe5ea1f9f20,True,2,1579918
10,162192804e62afdf179a845089407647,True,2,5260861
1,ad7c75c0a570a1352cd8ce18f792e1c0,True,2,3495560
11,b7041e7f066026c41c1a043560ad19d8,True,2,4437280
14,4b1d8ac430c885a6cb41b55d69d09bc3,True,2,2857376
3,ebc2169fd1f61e337b7aa269d29dae35,True,2,4190579
12,de205cae3e36c46b6a72837781cab3ce,True,2,2657087
5,6ab65f61c1f65a065bc2e6a42d287ba5,True,2,3218852
15,b7ac026c1c7e12830929bc23a5a3786a,True,2,3213118
13,edfe66850b1cbc8fae2651c2ad648626,True,2,2797363
9,83eef7ec02b17ff7499a9a3007bf20af,True,2,3240735
8,77a292bb8e951a0a9aeab4d162e65f05,True,2,3522892
7,407e4f419aca3f6c5c1bb9de1c8f6d7d,True,2,2463584
6,a8d4fb0e02fd2925be75f993da8789e3,True,2,2994030
2,b2803e5fedd291177f03844d1a32f713,True,2,3433268
10,fe318ff4e8a0dcd9f07065e728603085,True,2,3092337
1,0b4a3b49b7377c8ac835e7eb7e6bad26,True,2,2405900
4,49c5afe6a7805a57546d7c7dce3bcd98,True,2,3663082
3,42be632dd670e1a5e4a5403d9bd108ec,True,2,2035683
7,13b6feaa53c983fe7250403f2359f56d,True,2,1936262
14,5b16c06e4d259210f880e3345141f4d1,True,2,3730197
9,9fc852be0519463141bc0dae88aef539,True,2,1846404
12,41647ebd2bdba65ed4c6141014336cb5,True,2,3283665
5,e48889d86cdc4d8bced8cb956fe16c24,True,2,3803004
11,c9a5fa5c30c812d8f6be9b6380439814,True,2,3250558
0,db7cfcc7c4872d2145426c655a2b8755,True,2,4304146
8,eab83b98da1ba5186a997d15955f0b43,True,2,3367776
1,885fa38a624af5115f918de1c1a06f25,True,2,2472765
15,64dbefb2866eb6982b5c1efa3cbc9f51,True,2,3418219
13,146bc55a44fa965835945ed9f7fdf2de,True,2,4046455
2,ecc8bac2cc6f1b764ed49a9f90e84ef5,True,2,2307661
6,2a2600ffa2a78af6f278d5f9dfddf27a,True,2,3576981
7,90762cf57cf224a0e17374d54d5ad40d,True,2,1757847
9,5fed53b224f6b85f6705ea8d765f2001,True,2,2448971
5,e1b1214e9a3d13ee31ac90e13844ff47,True,2,2630042
10,49d80c3369007002650e305b87a51d4a,True,2,4116588
14,057d0c1fd3a4f1559bfa9ecc60329e51,True,2,2878202
3,937a779d4da88b3195cbc767bcfd1967,True,2,2994164
12,cbe8aa99a75b270e6822b45d3b68f5eb,True,2,2171952
8,483a136ed7290624dc07d026372b9ba6,True,2,2784343
1,4227eb9d37ace7f523a1b5f14dc92159,True,2,2735775
2,7e634e5429ec91e10475c1561ffe750e,True,2,2162507
11,4aa55d58bb2f8def5a12220c8914dafb,True,2,2548345
13,0f40cb28384d81f4c2a49e3f4e1c3fd1,True,2,2254820
15,2286f8ff8ca1e8f922d1186ed7a041dc,True,2,3349305
10,85322fd6c7cce23531504a33b32ab200,True,2,2225075
4,ab458e67ce6ea3fc914dccaf2e299b4a,True,2,3476187
0,9f46d18da15f8e96322957f9b52b5e9a,True,2,5682436
12,a0ea4fe9baceccc256c8d2aac989e309,True,2,2536618
6,5183bb5bb2f007544e28745445256dca,True,2,2181870
3,7f358b51e7b37c3f7c93e8314cc5b877,True,2,2182797
5,21c552d5e9c853b381b936a5c49092f8,True,2,2116395
9,4b94ea0d0d2eb148567e30d287c971b8,True,2,2445764
1,98396e4bae837ef50359b53bb4ef5345,True,2,2283678
7,b669813f3e1bf806b5c8c5f17549bf54,True,2,2688536
11,d772aa747316b594c6f960f184f1a1d4,True,2,1854627
2,68057b296447cf54e5a5ce610ecf859c,True,2,3528086
8,b50a9c10b1e9ded2c5dd6be322840788,True,2,2145230
13,f36e33508542f4d2f278ddaa144ae873,True,2,2441416
0,4d8ed69620f41e182c35b8dc02767ddf,True,2,2023289
14,6bb69635b348d623eac1699ad1e4d33e,True,2,5636650
4,4d02eb778f5e14852837b353c6d4531b,True,2,2651119
5,4c3f3b8eca59ce3df77cb6b214919538,True,2,3453603
10,5d020d56d7e8b259e18a859c301a9b03,True,2,3447920
6,08d5ec0b679e0b50c69a4f103b61ff0a,True,2,3053281
9,c67ec06d8285affbf3fe02c080e074bf,True,2,2765147
12,056df3a0cfd5da07823758323b3d057b,True,2,3071619
7,52e0482192da8a68249c0bc01d1615d9,True,2,2316182
15,18fb1ddebe4793822e450401abc38a48,True,2,3939622
3,3da4a49a66e1426b22443758812f7c86,True,2,3331846
11,83f0d2a318ad3c41c5172f852f1f932a,True,2,3462515
8,a9874f8b824e99fe11a8e9380d12b283,True,2,2893698
4,a123446cb435da267b942fae72a80ff5,True,2,2060444
1,1419ea0d057b117c5b6977764398dbcd,True,2,4410802
13,4dce9b353d2962a22e0811eba2ad36c9,True,2,2093494
0,6c8c60ef5ee1237c8059d6667f8ae38f,True,2,3501478
5,1995dcb30abce9fa2f7e43131dd06aef,True,2,2989671
2,68acac960f918abf00da65a065a246ce,True,2,3665514
12,8160d2770b7aeb294ee433e9d5fe4c7f,True,2,2773648
6,1cf762a6a0734f68b4ec5448fa709505,True,2,2611535
14,9e35613aa6c66d3428aef6980f87f1fd,True,2,3736439
7,faaf61e2e11db7162ae7ae37ba2b810f,True,2,2515898
15,7c21bf8a4f21fee7ae2cabeeacccb84f,True,2,2154489
3,1f619f36f20f4432a26e8dc46834900e,True,2,2676261
9,d1719356a96905501619f22a94834192,True,2,3555953
10,c3173ccf36691553b1aab3af7cbb726e,True,2,3822353
4,333513b449a5f137f079b2b396efdf2e,True,2,2467940
11,0edda44b9d584a4008e041957f381a8f,True,2,3058013
13,eac308afe6742c93e8250fb14bbcebf7,True,2,2573822
0,c2613310c4ab19ab4eb1ed5b7197c046,True,2,3113580
8,8b5a54574c68607f15a8a93252d7665b,True,2,2979093
1,13ae9f2ab5a9bda89d908466f27702c0,True,2,2934727
3,a018da554e06d0850a443fbd2e9f98d9,True,2,1914950
2,c7ee084212e6f174f8b06eed5d11ec25,True,2,2809506
6,4e51a126f8ddad090d7f6040ec6b5ef7,True,2,2115308
14,f96712b9ffad1b7ef11db963de73f580,True,2,2858788
15,45b7dd2b568cf96417e96fb8d7e46e9f,True,2,2197771
10,fe2755e2bed7d0b01a32cc4cfb8a868a,True,2,2464619
9,633042d33d4b22d4f4deb462eded134b,True,2,2014836
4,c649756e5db1a0fc384d9d81efc1a6e9,True,2,2027602
5,8993c654de955de5bfb1a6b787fb19d7,True,2,3338433
12,d854bbfb0b78ae19952e1e7a7728d593,True,2,3264886
11,320d1c09e2e80630ee2e1159ea7d9f63,True,2,2379351
7,6d2df50cd7e7a6ea287c33f65e0bc33a,True,2,3552996
0,224d80a38eb124ee5f8669e9cb3a1157,True,2,2445764
1,a090830e86ce91f27b80e57be999d701,True,2,2382136
13,7f31715a57607d3f06d3d3398c355687,True,2,2721316
3,466f0c84ace8c82544ca1804e70af638,True,2,2080373
2,9838a2b32682e41bd0d4904473fc887e,True,2,2751172
8,26c8421e9d9974b0a552678ddd8163a7,True,2,5613625
6,1b9dcb2783a7626778e4a2df907f0741,True,2,2768686
9,0343569c53bd8619de553c853d340ee4,True,2,3244617
14,0084b6d50e285e9b89401d89c0268a25,True,2,2980342
5,40e5d35e646fcd6e415c013e41e7e239,True,2,4600793
11,5099e31d9cd26117111a0d56aa39bb2e,True,2,3916878
12,da72ba2423a6116f8ac4a909eae4c77b,True,2,3321479
15,df0633ef0e85153101e78c04c2017e6c,True,2,5625623
7,b80d41556ce146618232aa51c24106d5,True,2,2451207
0,7a54317b89ecbd6b173996b4a65b85a0,True,2,3122338
10,b3527bc456a4aa9e3f2b6692ca2103a6,True,2,4176929
1,c22c780757a9e757dbce158dd7c03f58,True,2,2788539
2,959dfa9027127059d74eea7ba449b1aa,True,2,3367128
4,bcf13a29e3e2eaa78d0f4a9a4f1a81a1,True,2,5579576
3,b3cce2412342346fe75f7e1e281b38a2,True,2,3270674
9,224a550f06521eda2040b425d8efd3c2,True,2,2538597
8,4323b9af42ff951ce8fdd91ad645e1d3,True,2,4115738
13,133672e1335ae8d276f9bc09af417a24,True,2,2869967
15,1dca7547fd8a8e9f34f39013f2863d84,True,2,2003252
6,9a0f55e28b72540b47430e9dbefbdcf1,True,2,3966022
8,d453fab21abb4fe4539edeb6c83f100a,True,2,1384764
14,4d5adcffde7bdcf764eb078362d7f505,True,2,3768411
0,3607bdadf001feea3eb51d19522b07ec,True,2,2972033
5,9d6490ffc7dc781ae77e1b5a61473940,True,2,2765040
3,2103768234c8f663acef337d37bb32cd,True,2,2439011
4,aaacba7cfde43fdd933f5d3e989ede1b,True,2,2720358
1,3b2627e5895aa631d57fb84b797df77a,True,2,1641309
7,8505beea659dec479ecab87b0ef0a8b2,True,2,2616155
10,a34164cd6f9af03b5b851be43e405c0b,True,2,3783028
11,55ad5571af5c104a1959f6921587c713,True,2,1847341
12,4bb3f8ed907365e6d7c747baf0da5598,True,2,4634118
15,cd39058b6e2667627ce7b4e7f1dbf689,True,2,3129354
0,c74ba22dc50f40d4fc094e6221c9c73f,True,2,2688707
9,5a830021288deec851c7efbe08b593da,True,2,3318760
13,e01f6f6c08404efb348774bc75de7c32,True,2,4617219
3,1a917779da68aa8401eee2f2b1803193,True,2,3721834
10,9680349bb7633935204cccc4e16ef820,True,2,3159621
2,9e3dc15d809d7ee7bdac425749bc7756,True,2,6437700
14,a4e4c30c92def0dc1a3142a675803ff0,True,2,3999353
11,01aa3c47556f14b39e5d052b31ca0206,True,2,2106989
5,70e17309748fb39cd6f066bdd825e6a5,True,2,2976294
8,e2205175ec60c42cac7efaf8ccfb67d4,True,2,4471401
1,2b0844ac43cb2674e3ddcf887a99ed49,True,2,3502296
4,e34a41b721744581d363e0ac99e305f1,True,2,4345546
15,f5816490d8bc1f90f6e8fff49ad2e668,True,2,2211830
7,b7d2ef5ede99be2e23b13ea40ededad5,True,2,3625183
12,e057857849a5167e3a1b03fed8205dcd,True,2,5033972
10,94cec781e29a0f388b9ea453a5dad7f9,True,2,2717595
3,6649a8da03471f823af8ef64a3eeed0c,True,2,2572245
0,ca3c24dfa80be7bd094b8b39061b88b0,True,2,1771991
9,fdac33c0d719e79df2b89a4599509b16,True,2,3249451
6,f8cd21aab1aefb60b278c7b830ec2f20,True,2,8574793
13,92385e7274b4b1aa06332d0a2205c1f2,True,2,4658814
11,412211339aa4eba5c8985e40dd8353df,True,2,3598449
10,2071644cdb3a7d82790356b8edcc78d1,True,2,1988497
5,c58053844d7e9edd6e7929c2e594ea6e,True,2,3617179
4,41a816f56ecf8f1ec09f9fd2bc7d5e42,True,2,4023680
1,541b53b8fe6996c690abdf7c6eb5a64b,True,2,3440280
8,171c06976002a69062518314ce79200c,True,2,4950433
12,5cca79956ecce3fc1ad0e060ba0f5796,True,2,3627116
15,744ff58d7b1a8c4ea0e024137c906447,True,2,3031388
3,bdb7194a364e56af127a98f944a0ff88,True,2,3096289
13,3546fd4f06e17326c67e2c39f7f68611,True,2,2714952
2,20d32f260aaee31e2fe3169465674d6b,True,2,5171247
14,a845c8e13e6a212db053028e394c014b,True,2,3028981
7,992f60ee2786f562b8c73821a9954a26,True,2,3950297
0,f97b3d9e62599540408a6b5bde31d40e,True,2,3402197
9,e3eba1dc1e04cec479c0c100e17e1c03,True,2,3830378
11,9d56f07269b20034b1391dcfd837cad7,True,2,3926418
1,641c72883adf1fe54f42e915d9bc578b,True,2,1512337
12,f631e46f2a63f1a56a126bcbef329117,True,2,2669401
5,756da90ffcd8e4c330216044160b9c44,True,2,2431292
14,4ac58b6a0290dc95e824d90c9fc9c22c,True,2,3018833
10,3c9f76a4c0934a98c005da06efffccfb,True,2,3005753
6,e3a2dbc1441f7376f3beed0d1fabb36a,True,2,3952777
4,dab63294d76bc953bba599cb43f48a7b,True,2,4114837
13,8951893c815f4282cca6df04b6cd0b1f,True,2,2332008
0,ff71434e49f4c9c430cfad0c2348ce9a,True,2,3184719
8,2bd24f8de0ceb4cc8c9b1a6c60b4a54f,True,2,3215171
15,9ff40756bd8a3e98829c8317201eb0a6,True,2,2898872
2,045b0589166c4fbc7718e0de0ed402d4,True,2,3432551
10,f88bea6a9c70741b282582d31e6fbfee,True,2,2661628
3,ca2d7ae5e3f1aee42ac917c2e79c8fb2,True,2,3838531
5,f46eb2be3236fd6c70e2f76c3daddfb5,True,2,2768281
7,256ff7ae5e0e7ceda8261a8f32592b3c,True,2,3251192
2,5e6c1575b786886aa2ad302394148124,True,2,2433633
12,eaa7b4c7c9d4150a96b2aa649f101c72,True,2,2085912
1,fcd523f98d45e4334aa8a6d2ae1c7039,True,2,2239431
11,dfc639163a6967f39676064e0997a70d,True,2,2333153
0,1527438c3f334e7124aac4b78efff591,True,2,3543690
9,135c3cb3e4d51a2bdd8c025b4a42665c,True,2,4588937
6,176bd4dcaa9a806059ea81edd2e9e6f4,True,2,2943542
14,b5d08828e459f430973fba7a73cd827b,True,2,5520171
4,b9b7046e846d3710242852068b87f55c,True,2,5587398
10,5c8631cd1209d935d1551afd1c894746,True,2,2917285
13,3067f8a2c278a81a68d4efc7ec7992e3,True,2,3796815
8,f7b6e2a58b0356bf4351eaf94b855b7d,True,2,3176449
3,366e9d93b5c18f479e79c89363f23272,True,2,3251504
15,69e3af5880e65e639c87f157d2a82601,True,2,3154725
2,1eb7be6186b8d125f50f31e7852df799,True,2,3821596
1,bb34d9a71a6c614c668329dee1632e01,True,2,2545839
5,79eb0fda5384fcfae68d62c62893b91b,True,2,3745668
0,bcabdb451cd38c174d991fb433a364ca,True,2,2966319
10,df59a8757dff91d796d4e3ffe3ff80a2,True,2,2389401
11,0c98a5ae3484ad996b389e41c5ade722,True,2,4317047
4,c46cf6386439189dc33ddf85dba7007c,True,2,3331479
14,0a142ce93e954d39e681f6c9626eafa6,True,2,2868854
7,cf4bd78cd0476a9ae26136f8b3c256e5,True,2,4455280
12,3d26d0a3056c502aeaec445da4c960d5,True,2,5043544
6,6ce3157d8cb62d73e23c694c577193a6,True,2,3076725
3,154d1021f82144afec1621764aabea94,True,2,1860720
8,a57d16b4af42023c75a4639e5069678f,True,2,3438316
13,1f32a86db7df9806da3c8d1cf850ffa9,True,2,2688102
9,d4d20873ea86abf01b94e295965cd022,True,2,3003734
2,754b02cb45b4dd557b7b7bba43152026,True,2,2599219
15,e751dcbbe245bdabfb71653054e7ea21,True,2,2910559
5,48565ab72fde0a8e27fc291169c09441,True,2,2292692
1,7bd0000188fcb24a03f65bbcbe10b26f,True,2,2766313
10,9ff4bef1ac6dd4d0cbe4e95b62be536b,True,2,1979489
4,d5df1cc0deb0a553581965f0df2240e1,True,2,1828318
14,87bb3611afc7f263d635cd1b8407e76e,True,2,2432259
8,7bdb3d34928d7208edb6c44a5ac39b0f,True,2,2569598
13,a9c01dbad9a0432bf357f2dbb1a1ccbf,True,2,3223381
12,88014d5fd5009010a4cc3f127585a83f,True,2,3651151
0,54c1cf8a7c4d8afa10c97f9c9e039f0e,True,2,5592591
15,137f8601ef6626d992eb84403ff846d1,True,2,2291985
6,a53fb4199e5803815f780d52005a1555,True,2,3346408
7,bf91c492e641c10beabc984f8b4bbf1c,True,2,6385191
5,f0464cf4b6c116434a6bbb53317e12ab,True,2,2578766
3,681c06eb76a77af4e3a319b8e05c2475,True,2,3804675
9,1d8102a4febb9d4a552c0ccc73bd418f,True,2,3098443
10,1c96b495fa20505d952b622230cb8fc7,True,2,2623681
2,3d454a703793888fe0bd433838d6b907,True,2,5561745
14,e8e44405471ae1fbc51cae1e10b3f505,True,2,3230363
13,54e1526ccdfb3e11417f8929f4cf5c2c,True,2,1465047
11,2b664e259ee846a0c725b846f0fac07e,True,2,5106995
4,0937aba0e5b098ad4cde19fb75e748d2,True,2,3890482
1,6308daa20525e32b2fc4eddb1f1a8175,True,2,4628242
0,e3914cdd330f079f04ac92ccb7a9c00a,True,2,4295676
14,f3f8b3de7330ee0c8e99c468856e62a1,True,2,2430286
12,c2d4c25fa65090791d9423a734c6825f,True,2,4163241
6,725e89a27d64d00242b7c5b451951d44,True,2,2819303
8,54fc1d97d48db4dc77c15585b90a4711,True,2,2941598
10,1de1b0243e05935ac5f610bced3e924b,True,2,2033312
7,33434b33bc389d695e6afec9d2adc764,True,2,3963215
5,ec34359844372745ff363a6c84b498ae,True,2,4494209
15,20377d5e07a76eac9adc8084f6b783f6,True,2,5386988
2,159fa214c26a6002b19d8ee0c6592bbe,True,2,2342065
13,984fd201768da220dcc49e901ec3708a,True,2,2457742
1,d5ac577df7f0f3ba6a552dc913771925,True,2,2834920
9,4c291895b0046a38fe38c258c87537c2,True,2,4736745
7,f8a561c0c541fd4423c2e37d0add0363,True,2,2120885
0,50c598d4d09990de9a859513b81b6ab1,True,2,2960867
3,760aca9b894f76627a0e3d48ca4034f9,True,2,4687774
8,3f6fb9340bae81acc62adbf128c585e3,True,2,2002509
13,79371877206b30cea4bb49cd97065dcb,True,2,2289833
6,fc01f316a246ee326edff724e1ddb312,True,2,4086300
4,cee5a59b08391424e827c19ba7f31152,True,2,4265132
10,861add73df2473a60c6af7a998753194,True,2,3985533
11,f7a657bf9ee1e516da91d6d819a08480,True,2,5306317
15,635fee94ed38ef889381f5633f0e3d07,True,2,2271724
14,8be88e467b31976ef9c04090d40f4474,True,2,3934284
2,e742509048e9cfb8b7ceb2278a054315,True,2,2661902
12,b2b60b5afb507c00aad25a69c6bcac29,True,2,3713773
5,6423c8a09dcf342681c52fcfa0fdbf40,True,2,4154977
9,5b6efc2e1d45cd2936420ee49a0a6cff,True,2,2115853
3,858b5438ae2319d242ef76c7463a8b84,True,2,1863563
4,2d99988cd9bc644532508d284509cfa3,True,2,1552356
10,4f7bc3911213a3d5ecf2d9d9f5a4650e,True,2,2259261
14,81cecd438caa2e3f876d35421f3110cf,True,2,3992223
1,ac5523f75f09dc8119037d88e7d9d45f,True,2,4549542
6,80cf6fc5d5ae8dcd90f0c32e1c8168da,True,2,3858452
11,a57618f3b28ac85bb19a74c2f57b5e4b,True,2,4571007
2,4071f752f8715a1a0e0f81cb574c53b2,True,2,3860214
7,3c0fd39ec81974ba9516ff64365c297d,True,2,7221148
8,f6e52c338b8077344861ca401903512e,True,2,3516285
12,07eabd6aebf53b32062d933576669586,True,2,3915679
5,ff98ca19d60f47956ef81e012fdd1e38,True,2,4072536
13,ebfd3d637f0653feadfec1a9d74c6840,True,2,5681476
0,f8e48d8780901267c99246da4ca3c056,True,2,4920276
15,d75c30774ee4bc0544d3383849496129,True,2,3658819
3,f2b4da3552781f46b89f408c1858094a,True,2,3168386
9,77c54754f0bbc5b6f906635f151abac8,True,2,3719979
4,261a693a4663d0e94729c96416ff1061,True,2,4694648
6,97c186eb65e4938caaf2c1da73b1f2db,True,2,3125207
0,9a8f48f4061ba8cf910ef8dac1480e40,True,2,2927629
2,5577ec3a3ca7684386962f0d5b26205d,True,2,2043489
1,14c8464ea4aa61e7e886d4e766ed5ada,True,2,5022600
14,05615742ec8b19151863fd0ca39dc343,True,2,3906514
7,7e3e84fa564af957dd5c261da9a45926,True,2,3498635
8,07dc87fe62d673460daa3cb3afbcc80e,True,2,3599431
15,469b3b5c02fb2aca91d4222e7d75d8b9,True,2,1752519
10,eae6e4def53528196a766cb38dd2c511,True,2,7322985
12,bd8ee00e12fa8347e28b2f8b336f3bfb,True,2,4836974
3,13079fb0f8fa28dea5dde5dd8b2adbfd,True,2,2732356
11,268f49c77765328e3a9c670ac0e2577f,True,2,3387844
5,a5260abbd1958ca2af82965eb22128cf,True,2,4681446
13,2462a6865d1cd0a5560c455fe2d5d826,True,2,4806483
2,495f1f30eb44edb6bb11c22636ef121e,True,2,2934595
6,5aa61e8632c658853b147eefa58608f3,True,2,3332738
0,ed90e0bedaf8633cb6f115c2a5dfe34d,True,2,2422345
4,d90119258d6e8d0cdbd7a5229c93bfbd,True,2,3031014
9,8e4f676850344b154fcb0e8be8ed5893,True,2,5810529
10,6441f897bacb4dd9c8aef26178855829,True,2,3073135
14,526dbba623dddb38bb6ba0da71ae234a,True,2,3924589
12,57e4cb8da601b94622d40411439e3503,True,2,2467578
7,58ad985b14990ed41ee9563623348271,True,2,2904126
8,ef7863116b9e1a73033ea2f5c07e5c2c,True,2,4106557
5,d51ef8941e5e6075f2b1dd4711555fb1,True,2,2590833
3,684e61dab280462b674fc1daf9fd0265,True,2,2449006
1,ec1f653ba4c4a268ce697c587400b848,True,2,3123934
11,1646646b034172f9910cd628f382ff76,True,2,4783447
4,c04821761889f920948a1659ec5a399b,True,2,3652152
9,a51589b5d0c1b4ac04964d37193d7768,True,2,3014336
2,1a8e8295b4af3b8fe769b8164da983d6,True,2,2895642
0,ebe929226ce6699a49d06ec89f948e4d,True,2,3060176
15,ecf9fbabf944751c5d7d24fb93d3e0f7,True,2,3924725
5,62d8dbd1736a0674a2b6827adb9e756f,True,2,2525329
12,b3fd38d58678c7b1296d9fc889d50dfe,True,2,2282531
10,2b0e94078ef6eec28bbdf296c488c093,True,2,4053953
7,c838ba3fb45e14f39529a7ecc14cb5b6,True,2,3298411
6,0352ebad3668ef55c5cba0c874255a39,True,2,3556642
13,2b2c7c76696ffd85ffbc614434aaa77b,True,2,5919398
8,78700445b40550d500e6c71b4a7b8d55,True,2,2348713
3,3b2d682038e7a7212cc954d710b000cc,True,2,2450998
14,9221a2023a5122a4c7c2bdbf6b8f6a16,True,2,2932548
9,9123a0c3cf9616e04480a48fa6489b24,True,2,2720337
15,d18512ea6e885112b918ec73a7b8cbfa,True,2,1469539
11,cc05b9b0b88410d1398d70de2c552c64,True,2,2855416
2,5f30050232d37f1b6d587ac285712921,True,2,2604722
4,d805d6b81d4af5ac4dd13121bf44e586,True,2,2849989
0,ff0ce3397cdbe6d4f7f6126c989f2a99,True,2,2812887
1,273b97ea84566a158c47d66c71ee8de9,True,2,5206465
13,2ea792232ebf6be9b635fecf76d58768,True,2,2561014
14,3d8ab8f57d21d6b1ad9b48bd5f7bae68,True,2,2024427
10,a309984a95125d52cd81cd895dd288f6,True,2,3725530
12,aa8f893a11714c35dfae328906dcfdb9,True,2,3595944
7,054eaf1feec36252bed0b4a1c679081f,True,2,4960756
8,44ffe2a455f1dc30277c7e908ed363dc,True,2,3614697
6,3940c620f343515ccf6973714bd4fcbd,True,2,3874956
5,5895dcacc833a15e0be3f7cdf6e6fd8e,True,2,4773057
3,c6181e7890d4d9ac038bf5a5380591cc,True,2,2063156
11,d3aea84e1f2f746347f95490bd14d1c9,True,2,3663939
2,031abaca575af6e83999b10344ce60e1,True,2,3173716
0,081c08c55300622aada428d89b3f0d41,True,2,3540023
4,2eee8520e0d73e0053f474338d01862e,True,2,3796142
13,107157fecb94974d877cded96b886eac,True,2,3665233
15,cebafb05cb53b40480225dca8062be5e,True,2,6114141
9,9f262b4c0cd670bf55bc2c18c59d89bc,True,2,5843082
1,31a4846530cd55b359ea9dd7a6b65604,True,2,3821280
12,cb140ab8f0f31049bca04ebf85e0705d,True,2,3587675
10,c3a2ac6498d66a5a1d06c0393fb2799a,True,2,2140625
3,b7353c490b5fbcf5381cf39f51260e9d,True,2,4503682
6,f9faf479c92a0a3413e7e9b16c78d66f,True,2,4594782
2,328ba63fb675b77643dde2307448572f,True,2,2069385
14,add247e43aa840e92e94ea7b9891c237,True,2,5472302
7,f1a1f9b6e529e22482d1fd8548d32d77,True,2,4766202
8,bf0be1417f603d42a3cef0e41f75bf50,True,2,4614918
5,caec5b77c8989bafecc791acdd22f2ce,True,2,2767607
11,6b6a427722d6c0de0cc340ac8c00ec3b,True,2,4625029
13,669bd949f343dcd5b54a33466023f6f4,True,2,2805996
15,e98097e3065eb262847abe545fe8bf37,True,2,1444397
4,badc26e2cdc72b056bccc41f05eb9594,True,2,5188723
2,23b62a67883aabac2ceedc1c5bd1b749,True,2,2366813
0,dca6e8ef362d1626830d5c73077d9568,True,2,3542398
9,ec98190599ff78af63a52aabf022b6a8,True,2,4335411
8,743b19456e7384719cd7ad15c7abe333,True,2,2618299
12,0e7b06c5a3f2800290fe45efbd0675ae,True,2,2570092
14,b8d0897adddabda4a24c0b17d60657ec,True,2,2526755
3,2f95683d6d521d32f00675b63d260b47,True,2,3778238
1,234450b2c370d25de46da4abd3a5490e,True,2,3987197
13,ecf2c01d67d3dc0b460907787f911813,True,2,2911897
5,d015bc4b2ef70df8872cfecb1e8b5eda,True,2,4224074
7,9556828d9e93f265ff93dce9605d8218,True,2,2705967
10,a985145354eef18d94af6df919c82713,True,2,5748184
11,0c48821ee3a970766f1d2fd0b9fd31db,True,2,1821309
6,03ae1c2de15a550ddee0546cc5826fde,True,2,4737734
4,8254b330589b1fff1d89c0aa0e779de8,True,2,3630054
2,e2502c970a283c7635fe7914ff4a9818,True,2,3303228
15,f286532aa3f0ba161feb7373ee032a13,True,2,3026514
5,a8dbac41475ee7b6d360d385eaf32f62,True,2,2229371
8,2074ab3d3ed5849003f4faa9028b42e1,True,2,3915664
0,9c353f885f5d4f148f0c7006915487d8,True,2,3230992
13,773a5033ec16838b2aba110d510b1616,True,2,3583900
9,606257d0adbd73671de0a1df13119c49,True,2,4200879
14,5b008ccf5542f1a1aab90335a8dc41d1,True,2,3164668
1,47537708b2ab72dcd24de3b3fa79fec2,True,2,2956744
3,fae12bd0facb4818cff847a1d5b4aa65,True,2,4207665
6,e5681b01ad2c0177af80e3f6a929e27b,True,2,2964790
7,961d8064560b965a8aab9dc54ef1bc7e,True,2,3449393
12,95162661e5474bb39f8095acc7fdae76,True,2,5154533
11,31e47e6220a8705f2be86e4bb29f15fc,True,2,4238793
10,cab0ad6df20f6ac5f72427e49bc59c5f,True,2,4334590
15,d0c013e4002c4e9e5c958d69f96324db,True,2,3288060
4,9971121ba17cdbadb7396a0a706d7c26,True,2,2692338
2,897c4d60d8cb4c091c8684b28e83c725,True,2,3315842
5,4d5b501b13980523a4dbd0c44310dae9,True,2,3336002
14,a3d21a8429aebc77ed09d337f1c12b67,True,2,2524926
1,67cb8b746fc6418cc76edeaf9795e796,True,2,3480041
13,2508413ea16c2bdab640b8296d2f816e,True,2,2403257
0,dcb87cd3698e6cf42eceb95dc6e399fc,True,2,3149838
8,ce8824db6f3c66ddd734ae5c8b800580,True,2,4075413
9,3c09e466495b7ca26e0056c620cc05a0,True,2,3270938
3,170bc7cc21e9c2c8754771b6712b1228,True,2,3427162
11,24ea9f0d5d453e25a3fbc6d915971b5e,True,2,2993164
6,1b5e82e3f1d9a14416956995f15ac758,True,2,3005431
10,a70c219a4abbcd7390ae0d75a79cffb1,True,2,2859506
7,616642240c38a756e0c4561be30ab44c,True,2,3876637
2,7f35cef164176c2ea4a5f15b46baccf3,True,2,2881802
15,c5a8b2b56d0e3297ad974f45b0c40563,True,2,3164214
12,67a824b2972dddc97d68d75d51175c95,True,2,4771546
4,202e4894192efaa9b73057e1e8f1fbdf,True,2,4242762
8,fd899c92f443a072aa50f373f87054f7,True,2,2827128
1,4254c5009ba305b15e706d03ba11c11e,True,2,2627728
6,630a09d810639b6b691e7216a24a58f8,True,2,2477265
5,9a13ac88d36453599ba15137260f870e,True,2,4481561
0,0ec32278cd483423f95a6015a751db49,True,2,3462459
14,e4352202cce94caf23af697bb3e08078,True,2,4811127
11,f53875e4fb3e7911875d21c02f22d8c2,True,2,2824491
13,8f7e62a2acf22e44eb46025eae06d56a,True,2,4335898
2,f24c40a409d3c0ab7c7d72afffc773e6,True,2,2895132
3,a26ae95bfe9f93c35b850058412e51eb,True,2,4226194
10,0d0c4439d24a70c314bd5f9ae1712b9a,True,2,2809474
9,3221cf8883236382e34f9cd42315957d,True,2,5241379
12,f84e921e8066cdebe028ab727da62b18,True,2,2668263
15,b7d35f92d4a329cfab0c83ffbaec9bb8,True,2,3150382
7,9fbd15e89d3280bff78016743cd0fd33,True,2,4316486
1,3792a6fdfe3f7213a1cf09aff801c2cf,True,2,2865763
8,35ef4ba0a3946c0e160aa9c27546a9f5,True,2,2931974
5,53de3360d22f30c6f2139c66202cd063,True,2,3766507
11,ca2897638f8f34f4f9bc70a51996bae7,True,2,3180354
13,2e688ded94f0340a1ad43314bf131ff2,True,2,2947918
4,fe50467d56ebc7d95ff3677c2966772e,True,2,5703419
6,14f23c6c9462d97f42dcb2e0482d1792,True,2,4355806
12,81ce2d98cff0f28416277ffc321bc594,True,2,2832247
15,a2b21dca3561a0fb9ee3dc173f361652,True,2,2310733
14,c9e67c4492f47b63b91ac77a46e6702d,True,2,2765065
2,31a75d79ad7941721135fd112e79f831,True,2,2314279
3,c0950f4c65583f0eec4a4c846461f5a2,True,2,3042008
0,9689ad9cf52f584b77b623922cf2c0ad,True,2,5591250
9,3c18fb4836542f5a5f8447fff591f38f,True,2,2649271
11,900263d2fa61d0796083ce5b1b978bff,True,2,2793864
10,65e3a03337997643d3e8de7be5a2b63b,True,2,4851633
6,21d0911158ddd9dec03c0c1acae5e14e,True,2,2605678
9,3e08d24ffc836ed9e572fbd581596e87,True,2,1976930
1,ce69a844fcfbcb1574d9eddb23e51e0e,True,2,3273854
13,996f02ef5f6291e234e76103c6a903b6,True,2,3385491
5,6a70c7d345e2fa202849f27a63090544,True,2,3576530
8,b0f4c00cdf090bbddec615720b6f4a96,True,2,4214105
14,28a0dd8104071175a2c6962509138b19,True,2,1907601
7,c3d69e50abb50ac0f9173e898e490b36,True,2,4608285
12,6a9bd6ebd7d37efe92042d61c04e348b,True,2,2716464
15,2250f3ac39c63147806126346f2507b7,True,2,3020409
0,6842a62ce14c2b86ef1b4a6d608b2502,True,2,3599719
2,d4b71a6766710c0751cbeef7cebbd769,True,2,2156611
3,fb69761ef07be028eaa53dcda9dc8b24,True,2,1466288
13,4674aa4db783cdbe344742c04c03a08a,True,2,2276202
6,6646276fcb648eff5d34ece3a2d4dbad,True,2,2366961
8,ff6fb2d1cef2a0fe5a9c49bb4eadf9be,True,2,2229965
10,17838e70d80d8cc7ed0547e1cedf2d83,True,2,1432734
11,f260b0fd94dd7696582bae4cd6473f9e,True,2,1886331
9,a9c235aa36341cb7b6a0a551edf64cc2,True,2,3171549
5,09ceb0baca99646139bdbe02c35057a7,True,2,2440820
1,8217ec2c81f632af7d01f0daad8e6e5f,True,2,4080429
12,bb927ed7d62859bd99498ade8f4436a9,True,2,4122455
13,b5ede16e8a4841c4550f479dbd9103b5,True,2,2202810
7,c2fd9b59060e08d2fb22f2be94dae97b,True,2,2653893
6,b43d8b0593ca45b30369daef01a261ee,True,2,3407751
14,cb9d2430a0fbe476825d61e333d5ee42,True,2,4447414
15,59dd006530236caaf5c56afa10671623,True,2,3644571
0,e5270af3aa9a14c1a441e33f8167cdd7,True,2,2337849
2,81c491107f2912a74589a6d75666e1b4,True,2,3216497
3,2caab26e3d7f04641fd5449807c177f3,True,2,2638150
10,3818aec86011183f6a8cb1cf964d9103,True,2,3589676
8,05da86390bd5ee01d624a76c7fdcb748,True,2,3284764
11,b14911552af3ab0fbb13c11b11860d4a,True,2,2980938
9,f96d76d3198da05e67cf08c0ddc3a098,True,2,2612673
5,f9853080aa058a388e22dba86c277a45,True,2,2928114
1,038005f7e91608c311ac2f94a1ffb619,True,2,3687651
7,8969f14ff866d8904c7d410cba7a645a,True,2,2846797
13,aa5cba9ece6dff1c19c503e01b0dd11f,True,2,3448827
6,a9b2952730c35a35e01f769d2bf6de09,True,2,3413769
3,800770d030485e3e2564452bd3c63072,True,2,3547716
2,f361ea3b7996dba1d22ac94367e7f115,True,2,3929824
12,7123a361aa4a1dd0fefd8c8e45aa0b2a,True,2,2816449
0,875c40f4c6df585df173f11b8e274e4f,True,2,3682748
10,f8cf00f67871de6cc6e67dfc934ebdf1,True,2,3260392
11,2ed68453df9381534f77ac914a901b05,True,2,2796144
14,dbaaaa7ebec27fde4173c5addd65a45e,True,2,3770675
7,3d403f2a263f707ad5fe69224976f316,True,2,1457348
15,8013ea5abdfab609f4aec921a8de9cfa,True,2,2583977
8,156e7dbf942373df541e0fd89fd91057,True,2,3524873
9,2f2c4cb86cbf3728c8e38a0ad9d419e7,True,2,1668550
13,e210fbd31751668caf2465f11c467fee,True,2,3228461
6,222bd4944705c8f78b7f65dabde9e1fb,True,2,2093094
5,5b247dbb05563e583dd24d515f76b13e,True,2,5371820
1,2bce4fddf596802be49d806b79806b58,True,2,2336309
11,d1bd4cf40ef4ed59122dfc5ab6bd85ce,True,2,2205966
12,9477823cd3d0b66e1e2b9899d6b2d682,True,2,3290661
2,3631b0899a7e5d4b2bbb0201e71be878,True,2,2595851
10,a124cafd9ca59bee8ff2c4df6996ca14,True,2,2247457
0,c3b9d4b800d6c60749a87a15ed9ed21f,True,2,2753927
14,8e37e8eb0b22afa794c79610349d201b,True,2,3358217
15,cd2549c9a9b082c2f1920f7429b83517,True,2,2464784
8,31f9ebc3e5812260cc3a514ffbc7d1c4,True,2,3401783
7,36120e862c3e389bd7116b3d0b1c226a,True,2,3004264
5,fb7b3a62638a2da13d2099df748b3159,True,2,1763542
9,9149e094d5a2eb5dc8b1b59c73137731,True,2,2931699
10,b6803f403d1352cc96eefc615a36b898,True,2,1709411
13,abb816f134b5124c9e7a6da7e987af3a,True,2,3630255
6,f47908b634e78f80f1a8ddc9b6611e0e,True,2,3010303
11,0a88964187a735ded34d5de98d38c7f4,True,2,3560581
0,10a7a65707246573821b091967c7f2e0,True,2,1814813
12,c329f097a70e2055f6c7b5a127000778,True,2,3834258
7,3b0f847aded50841f396243949c14687,True,2,2073447
14,630788989fc4920333cfeab8203d4bff,True,2,3347035
8,f63264b07c0c8bfe5103eb8d06851b8b,True,2,2207593
5,13e9ae29ed0c9905ca8b9dbf74217e64,True,2,2108478
6,a83bac6c52c75efb465b6cf380f273c5,True,2,2045197
10,51eb165fb180a36cb3e258930220dcdf,True,2,1632994
1,3c2243e72adf13221c50dee5a25e0b9b,True,2,3421190
15,efd603a551e375e0cbda17dd2c6bf2fe,True,2,2118176
2,79276d39a7b15e25982ed48035143185,True,2,3493601
13,eeda820e06aded4a0b38bc8d8b711545,True,2,2380958
9,c520597881e1cf545f257afd87418721,True,2,3301891
11,1f122de1cf3d132d52ca538fba22f1ee,True,2,2571259
12,d76e5ae5b1a78eb988b61a876aba7614,True,2,3877662
14,675d3921f7745e22fedc9ed5ad0dcd53,True,2,2424069
15,f7c33f6559f9715ce890f7b3db87caa4,True,2,2319553
2,d005385f0d6619d34faadca93788cb4f,True,2,1900150
1,ba78e181985bd0c90e261a20940e9742,True,2,2651058
8,de41e3b706c6128b96adce76172ba717,True,2,2912154
6,f72b9a0d3209ef6c7c844212675d8da8,True,2,2769898
7,2303213cf05d0a0bce74ba4242a1d867,True,2,2672431
10,4b85ba5abba3945060fbe457a7136d4a,True,2,3403436
0,f12b174497842499919a56cfd2818cdc,True,2,2685071
5,bbbafc980e40a85fdc2f8f39f20fa4b2,True,2,4989246
9,5d86c1763ef8ad9128cb5653a7f343cc,True,2,1996529
13,aa631a7e7311234e9eaedefd6c35920e,True,2,2737143
14,835713d398f91e20290f2f3a5ca22e5a,True,2,3162440
8,10d8d31f0b039edf9bb28b4e717a1b0e,True,2,2802562
2,5bf6184b4038e34582671dcad255663f,True,2,2754860
11,9e32ac01a2892659cd1bf6e36fb96480,True,2,2613523
5,5babdbf893d707eea80f4a6cf316a9ef,True,2,1736394
15,8d473987660e068ebe7d8be30f446f9d,True,2,2746494
7,b33566e391b280cc6258141425e8a641,True,2,2353500
1,450266b427e31db8938dd26d9f225ad4,True,2,4095578
12,d9dc3142f0a7102e6c439b903335916b,True,2,4544137
6,34e04278cd4b91a40247b71e9a3bcd88,True,2,2918872
9,8ad6012dc21af05fb0f5c56d1222a793,True,2,3122644
10,a7d606da91d8e6108520842a41154731,True,2,3262218
0,7c15a4fe9a705f626da63582493d67f1,True,2,2503063
13,b99c47a38ae613b16bfc370e50a5a827,True,2,3007031
14,745091bdfa6f6f82dfa0179ec7455c4e,True,2,2387403
12,8d90e6fb53bec25aec41ca8cfc9b32a9,True,2,2128083
8,ba0f29b9b82aafe871192a1ff9538ca6,True,2,2141446
2,a73456ee958a10b7b06696ea7acb9e3d,True,2,2860640
1,f7ebd3302330b855449b2392593038e1,True,2,3899998
11,fc1bb8230d8759386058a3c763c86b9b,True,2,2157284
7,24a21d1af856b94d574d7909ab6a694a,True,2,3318632
13,f191f9d6de539ad6ccae5def91cc4522,True,2,3098355
0,1103b50eab13e90fed3e007f16b27738,True,2,2744591
5,bfc95a1951f4feab52be441150b99f85,True,2,4382454
6,cec261a3bae7f4e4ed8a0ef13a524fad,True,2,2834905
15,ac615a6c08ce586a2e4c77deb1662400,True,2,3058021
14,970a5fd0c678aa620e03046d3c2b535a,True,2,2909664
12,39d877b9748193f11e0bf0b51f4c089c,True,2,1870760
1,4c05ea7c0046e29d8c1042089d29d61b,True,2,1714997
8,fe9eb1d5fa43106308cbb217e66bf68f,True,2,2586478
9,f748fdd1db6a469f6d3ba0328f990e60,True,2,6092064
6,f75e50cef7e0e94084bb6107801eb49d,True,2,1678327
11,6b19643b2293624792ce71a8f2501ea4,True,2,2612530
0,7b531e55bf3be8e372de898f3f6860d7,True,2,1954402
14,cf5a8c7a8a27a6b4f71f52f76fe67b86,True,2,1956736
10,04a34cc44934dee30350b1c894ccac85,True,2,4269993
7,38c9c8ca45cf6d9d0b0cae80a9d8cb63,True,2,2183831
13,bc16a32507018bb80f3a78984f4eedc6,True,2,2202537
12,e00802b76b415f9f035269cf78661955,True,2,2814276
5,16efe372e6bd4e9c1bab32138a72040c,True,2,3067299
8,568e453723756c0a5ef8d94a054089d0,True,2,1729228
10,bed654e14e61cda63472d0c04b5c6c0a,True,2,1780113
9,a7f0d8150d4133a14c801304c616d13d,True,2,1503011
7,98d04462b0fcce0a31d70a61bc4038e0,True,2,1550981
11,5a85db16809ef8d89ae296a4a1904ca4,True,2,2158542
0,00edd8d974c16c746dd24c1341fc56a1,True,2,1314925
14,57a2c5f80fab85aa179f1567d82ef5fc,True,2,1946348
12,e5586eb1c8d96d7ff5e1f6cb136ac9c0,True,2,1633973
9,f0feb0160d27f8998e9d129513bc1a72,True,2,1113930
14,caafa7683f1af6b488354018a623b6b8,True,2,1200455
11,f3a455cdb3537d18d8718b8ebe2ad688,True,2,1186818
7,1ffae084b3a0df35c5a1bb5d99ddd507,True,2,1168194
12,8eff2402232617aa30f713711d909496,True,2,1760380
9,e13f4a8e53597907482bc0c0b5f11b42,True,2,879436
11,ff9caa17d0223754bd91edb01bacc4f0,True,2,1182238
7,22a08fa460b54d3c6fecee7bc0876e8f,True,2,1284269
14,852ffa2da310632735116b178d09602f,True,2,1324407
12,d5387670603e66c201ec0688fbb90cce,True,2,1227247
7,2b2a5ded38ac8f20caeeb62a3234a0dc,True,2,874121
12,a5c2766ae4f34d2615db89823a6564b0,True,2,850496
12,2607bb7df6eda64418b9823f81e66140,True,2,934773
12,a4d101faf2c22717af7ede7cebd160a8,True,2,851042
12,dfdb0c9c2b483ee04c2cc63b3385d56b,True,2,845377
12,e1c1e385b33a1e80b487286a49c3613d,True,2,821276
